datetime,DeliveryDate,type,value
2022-02-24 00:00:00,02/24/2022,North,21978.383051428224
2022-02-24 01:00:00,02/24/2022,North,21831.671373291007
2022-02-24 02:00:00,02/24/2022,North,21785.994859985356
2022-02-24 03:00:00,02/24/2022,North,22040.408783569335
2022-02-24 04:00:00,02/24/2022,North,22494.05161951904
2022-02-24 05:00:00,02/24/2022,North,23151.2063604248
2022-02-24 06:00:00,02/24/2022,North,23553.775264807133
2022-02-24 07:00:00,02/24/2022,North,23969.077188696287
2022-02-24 08:00:00,02/24/2022,North,23826.25822615966
2022-02-24 09:00:00,02/24/2022,North,24292.8273142456
2022-02-24 10:00:00,02/24/2022,North,24553.04912519532
2022-02-24 11:00:00,02/24/2022,North,24566.424761132814
2022-02-24 12:00:00,02/24/2022,North,24518.01517731933
2022-02-24 13:00:00,02/24/2022,North,24163.374543225105
2022-02-24 14:00:00,02/24/2022,North,23296.228727319336
2022-02-24 15:00:00,02/24/2022,North,23084.52034715576
2022-02-24 16:00:00,02/24/2022,North,23394.666598925774
2022-02-24 17:00:00,02/24/2022,North,23530.12613588868
2022-02-24 18:00:00,02/24/2022,North,24192.372867858885
2022-02-24 19:00:00,02/24/2022,North,24078.553151782224
2022-02-24 20:00:00,02/24/2022,North,23633.772375891112
2022-02-24 21:00:00,02/24/2022,North,22964.281625451666
2022-02-24 22:00:00,02/24/2022,North,21813.974695166016
2022-02-24 23:00:00,02/24/2022,North,20761.17074870605
2022-02-25 00:00:00,02/25/2022,North,19847.106805810552
2022-02-25 01:00:00,02/25/2022,North,19451.824050305175
2022-02-25 02:00:00,02/25/2022,North,19339.920428588866
2022-02-25 03:00:00,02/25/2022,North,19787.156839636227
2022-02-25 04:00:00,02/25/2022,North,20732.82882564697
2022-02-25 05:00:00,02/25/2022,North,22400.10487895508
2022-02-25 06:00:00,02/25/2022,North,24646.020306640632
2022-02-25 07:00:00,02/25/2022,North,25639.219088574224
2022-02-25 08:00:00,02/25/2022,North,25034.539373547366
2022-02-25 09:00:00,02/25/2022,North,24061.891707739254
2022-02-25 10:00:00,02/25/2022,North,23092.855183911135
2022-02-25 11:00:00,02/25/2022,North,22055.12323347168
2022-02-25 12:00:00,02/25/2022,North,20984.252112963866
2022-02-25 13:00:00,02/25/2022,North,20038.708118395993
2022-02-25 14:00:00,02/25/2022,North,19147.316458166504
2022-02-25 15:00:00,02/25/2022,North,18503.1825571289
2022-02-25 16:00:00,02/25/2022,North,18460.865256140136
2022-02-25 17:00:00,02/25/2022,North,18990.69200314942
2022-02-25 18:00:00,02/25/2022,North,20078.075730517583
2022-02-25 19:00:00,02/25/2022,North,20441.904021618648
2022-02-25 20:00:00,02/25/2022,North,20383.055910107425
2022-02-25 21:00:00,02/25/2022,North,19923.766222595215
2022-02-25 22:00:00,02/25/2022,North,19151.84679379883
2022-02-25 23:00:00,02/25/2022,North,18412.04377446289
2022-02-26 00:00:00,02/26/2022,North,17892.2020857788
2022-02-26 01:00:00,02/26/2022,North,17439.222560729977
2022-02-26 02:00:00,02/26/2022,North,17243.282943737788
2022-02-26 03:00:00,02/26/2022,North,17148.0744822876
2022-02-26 04:00:00,02/26/2022,North,17418.3295333374
2022-02-26 05:00:00,02/26/2022,North,17995.145941650393
2022-02-26 06:00:00,02/26/2022,North,18895.251798925783
2022-02-26 07:00:00,02/26/2022,North,19818.989736486816
2022-02-26 08:00:00,02/26/2022,North,20730.89304777832
2022-02-26 09:00:00,02/26/2022,North,21317.046923388676
2022-02-26 10:00:00,02/26/2022,North,21418.264321545408
2022-02-26 11:00:00,02/26/2022,North,21067.083411279287
2022-02-26 12:00:00,02/26/2022,North,20411.639751281746
2022-02-26 13:00:00,02/26/2022,North,19624.43681810303
2022-02-26 14:00:00,02/26/2022,North,18989.275577575685
2022-02-26 15:00:00,02/26/2022,North,18679.94938323975
2022-02-26 16:00:00,02/26/2022,North,18684.144019287105
2022-02-26 17:00:00,02/26/2022,North,19108.57603256836
2022-02-26 18:00:00,02/26/2022,North,19822.82289210205
2022-02-26 19:00:00,02/26/2022,North,19896.784017956543
2022-02-26 20:00:00,02/26/2022,North,19510.742007958987
2022-02-26 21:00:00,02/26/2022,North,18906.033370837406
2022-02-26 22:00:00,02/26/2022,North,17911.854409497068
2022-02-26 23:00:00,02/26/2022,North,17052.33598041992
2022-02-27 00:00:00,02/27/2022,North,16403.596746032712
2022-02-27 01:00:00,02/27/2022,North,16113.255106799315
2022-02-27 02:00:00,02/27/2022,North,16021.77593360596
2022-02-27 03:00:00,02/27/2022,North,16316.020352258298
2022-02-27 04:00:00,02/27/2022,North,16849.587139245607
2022-02-27 05:00:00,02/27/2022,North,17641.009689819337
2022-02-27 06:00:00,02/27/2022,North,19051.74093458252
2022-02-27 07:00:00,02/27/2022,North,20008.459409313964
2022-02-27 08:00:00,02/27/2022,North,20150.44043327637
2022-02-27 09:00:00,02/27/2022,North,19581.388966674807
2022-02-27 10:00:00,02/27/2022,North,18566.61925061035
2022-02-27 11:00:00,02/27/2022,North,17476.11833221435
2022-02-27 12:00:00,02/27/2022,North,16465.349963171386
2022-02-27 13:00:00,02/27/2022,North,15512.751085070802
2022-02-27 14:00:00,02/27/2022,North,14740.217186560061
2022-02-27 15:00:00,02/27/2022,North,14353.695569079586
2022-02-27 16:00:00,02/27/2022,North,14494.968550732427
2022-02-27 17:00:00,02/27/2022,North,15300.256754626456
2022-02-27 18:00:00,02/27/2022,North,16966.902382910157
2022-02-27 19:00:00,02/27/2022,North,17963.428412548823
2022-02-27 20:00:00,02/27/2022,North,18167.604573242184
2022-02-27 21:00:00,02/27/2022,North,17906.90705926513
2022-02-27 22:00:00,02/27/2022,North,16927.34565025635
2022-02-27 23:00:00,02/27/2022,North,15914.198672277837
2022-02-28 00:00:00,02/28/2022,North,15169.302413916019
2022-02-28 01:00:00,02/28/2022,North,14951.036898632818
2022-02-28 02:00:00,02/28/2022,North,14973.933138708497
2022-02-28 03:00:00,02/28/2022,North,15476.677506249996
2022-02-28 04:00:00,02/28/2022,North,16412.558576391602
2022-02-28 05:00:00,02/28/2022,North,18080.383143615723
2022-02-28 06:00:00,02/28/2022,North,20388.468851208487
2022-02-28 07:00:00,02/28/2022,North,21300.291701184084
2022-02-28 08:00:00,02/28/2022,North,20401.244046386724
2022-02-28 09:00:00,02/28/2022,North,18942.452389843744
2022-02-28 10:00:00,02/28/2022,North,17617.223770141605
2022-02-28 11:00:00,02/28/2022,North,16467.460521228026
2022-02-28 12:00:00,02/28/2022,North,15485.320352746578
2022-02-28 13:00:00,02/28/2022,North,14796.158809936527
2022-02-28 14:00:00,02/28/2022,North,14180.427152099604
2022-02-28 15:00:00,02/28/2022,North,13795.581077966308
2022-02-28 16:00:00,02/28/2022,North,13886.495126342767
2022-02-28 17:00:00,02/28/2022,North,14422.797937414549
2022-02-28 18:00:00,02/28/2022,North,15683.170877917486
2022-02-28 19:00:00,02/28/2022,North,16309.044122058103
2022-02-28 20:00:00,02/28/2022,North,16322.095908740232
2022-02-28 21:00:00,02/28/2022,North,15890.479826232908
2022-02-28 22:00:00,02/28/2022,North,15059.7822947876
2022-02-28 23:00:00,02/28/2022,North,14263.601366809076
2022-03-01 00:00:00,03/01/2022,North,13846.492307287592
2022-03-01 01:00:00,03/01/2022,North,13630.806215307617
2022-03-01 02:00:00,03/01/2022,North,13605.232448461911
2022-03-01 03:00:00,03/01/2022,North,13738.046746020504
2022-03-01 04:00:00,03/01/2022,North,14307.589474792481
2022-03-01 05:00:00,03/01/2022,North,15601.521305822753
2022-03-01 06:00:00,03/01/2022,North,17500.561949975592
2022-03-01 07:00:00,03/01/2022,North,18116.522500732422
2022-03-01 08:00:00,03/01/2022,North,17502.04473507081
2022-03-01 09:00:00,03/01/2022,North,16851.396710034176
2022-03-01 10:00:00,03/01/2022,North,16239.33513237305
2022-03-01 11:00:00,03/01/2022,North,15625.075320556649
2022-03-01 12:00:00,03/01/2022,North,15072.289373486326
2022-03-01 13:00:00,03/01/2022,North,14637.803538488768
2022-03-01 14:00:00,03/01/2022,North,14261.699608300782
2022-03-01 15:00:00,03/01/2022,North,13966.30534742432
2022-03-01 16:00:00,03/01/2022,North,13973.547623132317
2022-03-01 17:00:00,03/01/2022,North,14341.957598107903
2022-03-01 18:00:00,03/01/2022,North,15164.06109226074
2022-03-01 19:00:00,03/01/2022,North,15642.96940571289
2022-03-01 20:00:00,03/01/2022,North,15579.484825061032
2022-03-01 21:00:00,03/01/2022,North,15080.998390283205
2022-03-01 22:00:00,03/01/2022,North,14288.539996386722
2022-03-01 23:00:00,03/01/2022,North,13585.177369604491
2022-03-02 00:00:00,03/02/2022,North,13249.766671984868
2022-03-02 01:00:00,03/02/2022,North,13051.839030847166
2022-03-02 02:00:00,03/02/2022,North,13069.18436405029
2022-03-02 03:00:00,03/02/2022,North,13218.203906091308
2022-03-02 04:00:00,03/02/2022,North,13711.160182092284
2022-03-02 05:00:00,03/02/2022,North,14847.726618786624
2022-03-02 06:00:00,03/02/2022,North,16630.302652465823
2022-03-02 07:00:00,03/02/2022,North,17204.579582495113
2022-03-02 08:00:00,03/02/2022,North,16610.308049560554
2022-03-02 09:00:00,03/02/2022,North,15899.43652547608
2022-03-02 10:00:00,03/02/2022,North,15262.519519018557
2022-03-02 11:00:00,03/02/2022,North,14690.884728649897
2022-03-02 12:00:00,03/02/2022,North,14242.8467772583
2022-03-02 13:00:00,03/02/2022,North,13885.700236059569
2022-03-02 14:00:00,03/02/2022,North,13613.477433129881
2022-03-02 15:00:00,03/02/2022,North,13395.345403564452
2022-03-02 16:00:00,03/02/2022,North,13581.271524645997
2022-03-02 17:00:00,03/02/2022,North,13981.013652941892
2022-03-02 18:00:00,03/02/2022,North,14774.307591845709
2022-03-02 19:00:00,03/02/2022,North,15055.517270544438
2022-03-02 20:00:00,03/02/2022,North,14887.494295263674
2022-03-02 21:00:00,03/02/2022,North,14397.41882877198
2022-03-02 22:00:00,03/02/2022,North,13855.663154516596
2022-03-02 23:00:00,03/02/2022,North,13343.562152832032
2022-03-03 00:00:00,03/03/2022,North,13440.888808752445
2022-03-03 01:00:00,03/03/2022,North,13521.161427526857
2022-03-03 02:00:00,03/03/2022,North,13766.679890179435
2022-03-03 03:00:00,03/03/2022,North,13924.386825134276
2022-03-03 04:00:00,03/03/2022,North,14374.161863659669
2022-03-03 05:00:00,03/03/2022,North,15358.309960253908
2022-03-03 06:00:00,03/03/2022,North,16810.968089587404
2022-03-03 07:00:00,03/03/2022,North,17278.684570056153
2022-03-03 08:00:00,03/03/2022,North,16750.69546248779
2022-03-03 09:00:00,03/03/2022,North,16078.253422277836
2022-03-03 10:00:00,03/03/2022,North,15448.472311791984
2022-03-03 11:00:00,03/03/2022,North,14865.455717944336
2022-03-03 12:00:00,03/03/2022,North,14421.048161157227
2022-03-03 13:00:00,03/03/2022,North,14126.298456640625
2022-03-03 14:00:00,03/03/2022,North,13916.240588366696
2022-03-03 15:00:00,03/03/2022,North,13804.814092993163
2022-03-03 16:00:00,03/03/2022,North,13880.176081884769
2022-03-03 17:00:00,03/03/2022,North,14031.218903881832
2022-03-03 18:00:00,03/03/2022,North,14458.308989404297
2022-03-03 19:00:00,03/03/2022,North,14655.660536889647
2022-03-03 20:00:00,03/03/2022,North,14422.170297924811
2022-03-03 21:00:00,03/03/2022,North,13984.170426733404
2022-03-03 22:00:00,03/03/2022,North,13279.341916992184
2022-03-03 23:00:00,03/03/2022,North,12543.075197778324
2022-02-24 00:00:00,02/24/2022,South,14245.002441418463
2022-02-24 01:00:00,02/24/2022,South,14248.137208398442
2022-02-24 02:00:00,02/24/2022,South,14178.099599914553
2022-02-24 03:00:00,02/24/2022,South,14260.579211840823
2022-02-24 04:00:00,02/24/2022,South,14618.024502392584
2022-02-24 05:00:00,02/24/2022,South,15258.175395288084
2022-02-24 06:00:00,02/24/2022,South,16349.834797558591
2022-02-24 07:00:00,02/24/2022,South,16653.75122504883
2022-02-24 08:00:00,02/24/2022,South,16513.085037353518
2022-02-24 09:00:00,02/24/2022,South,16628.761114489746
2022-02-24 10:00:00,02/24/2022,South,16834.36317368164
2022-02-24 11:00:00,02/24/2022,South,16470.013248327636
2022-02-24 12:00:00,02/24/2022,South,16375.580057250978
2022-02-24 13:00:00,02/24/2022,South,15726.98165429688
2022-02-24 14:00:00,02/24/2022,South,15398.932425708008
2022-02-24 15:00:00,02/24/2022,South,15079.901202612302
2022-02-24 16:00:00,02/24/2022,South,15248.10083999024
2022-02-24 17:00:00,02/24/2022,South,15671.726799902344
2022-02-24 18:00:00,02/24/2022,South,16260.465082092285
2022-02-24 19:00:00,02/24/2022,South,16403.239454431154
2022-02-24 20:00:00,02/24/2022,South,16191.377788659667
2022-02-24 21:00:00,02/24/2022,South,15783.407280285644
2022-02-24 22:00:00,02/24/2022,South,14792.761619665525
2022-02-24 23:00:00,02/24/2022,South,13895.867113964838
2022-02-25 00:00:00,02/25/2022,South,13178.467097509763
2022-02-25 01:00:00,02/25/2022,South,12740.862418750005
2022-02-25 02:00:00,02/25/2022,South,12576.342758618164
2022-02-25 03:00:00,02/25/2022,South,12772.067225939942
2022-02-25 04:00:00,02/25/2022,South,13273.539628173825
2022-02-25 05:00:00,02/25/2022,South,14289.152134985348
2022-02-25 06:00:00,02/25/2022,South,15818.60174979248
2022-02-25 07:00:00,02/25/2022,South,16556.268461279295
2022-02-25 08:00:00,02/25/2022,South,16534.569879516603
2022-02-25 09:00:00,02/25/2022,South,16353.905577282712
2022-02-25 10:00:00,02/25/2022,South,16035.39584929199
2022-02-25 11:00:00,02/25/2022,South,15599.054731140135
2022-02-25 12:00:00,02/25/2022,South,15076.75094350586
2022-02-25 13:00:00,02/25/2022,South,14530.212498669433
2022-02-25 14:00:00,02/25/2022,South,14052.698862719728
2022-02-25 15:00:00,02/25/2022,South,13725.184623608397
2022-02-25 16:00:00,02/25/2022,South,13761.63173277588
2022-02-25 17:00:00,02/25/2022,South,14310.12897006836
2022-02-25 18:00:00,02/25/2022,South,15056.246999023437
2022-02-25 19:00:00,02/25/2022,South,15306.756814440916
2022-02-25 20:00:00,02/25/2022,South,15149.044179260254
2022-02-25 21:00:00,02/25/2022,South,14790.745997875978
2022-02-25 22:00:00,02/25/2022,South,14284.583230847167
2022-02-25 23:00:00,02/25/2022,South,13800.799106396484
2022-02-26 00:00:00,02/26/2022,South,13501.449647753912
2022-02-26 01:00:00,02/26/2022,South,13201.311585485844
2022-02-26 02:00:00,02/26/2022,South,13097.093752038578
2022-02-26 03:00:00,02/26/2022,South,13043.082022888177
2022-02-26 04:00:00,02/26/2022,South,13174.84876586914
2022-02-26 05:00:00,02/26/2022,South,13502.23478909912
2022-02-26 06:00:00,02/26/2022,South,14005.42252755127
2022-02-26 07:00:00,02/26/2022,South,14599.019328222656
2022-02-26 08:00:00,02/26/2022,South,15160.122112524416
2022-02-26 09:00:00,02/26/2022,South,15390.664434985352
2022-02-26 10:00:00,02/26/2022,South,15267.943164501952
2022-02-26 11:00:00,02/26/2022,South,14886.74656948242
2022-02-26 12:00:00,02/26/2022,South,14404.565253173829
2022-02-26 13:00:00,02/26/2022,South,13865.83501878662
2022-02-26 14:00:00,02/26/2022,South,13431.98895844727
2022-02-26 15:00:00,02/26/2022,South,13220.090424023441
2022-02-26 16:00:00,02/26/2022,South,13300.512191845704
2022-02-26 17:00:00,02/26/2022,South,13693.80750969238
2022-02-26 18:00:00,02/26/2022,South,14130.040317333984
2022-02-26 19:00:00,02/26/2022,South,14333.906682629397
2022-02-26 20:00:00,02/26/2022,South,14176.822938159175
2022-02-26 21:00:00,02/26/2022,South,13878.379963720705
2022-02-26 22:00:00,02/26/2022,South,13165.60202944336
2022-02-26 23:00:00,02/26/2022,South,12477.19933085938
2022-02-27 00:00:00,02/27/2022,South,11616.931877770996
2022-02-27 01:00:00,02/27/2022,South,10978.78361523438
2022-02-27 02:00:00,02/27/2022,South,10619.340798974608
2022-02-27 03:00:00,02/27/2022,South,10674.05303565674
2022-02-27 04:00:00,02/27/2022,South,11013.893058459478
2022-02-27 05:00:00,02/27/2022,South,11531.375152050776
2022-02-27 06:00:00,02/27/2022,South,12243.772201074218
2022-02-27 07:00:00,02/27/2022,South,13073.385029345707
2022-02-27 08:00:00,02/27/2022,South,13576.117964611816
2022-02-27 09:00:00,02/27/2022,South,13568.180427587884
2022-02-27 10:00:00,02/27/2022,South,13139.158849584956
2022-02-27 11:00:00,02/27/2022,South,12553.975018273926
2022-02-27 12:00:00,02/27/2022,South,11947.916637048338
2022-02-27 13:00:00,02/27/2022,South,11251.232797387696
2022-02-27 14:00:00,02/27/2022,South,10709.386181909185
2022-02-27 15:00:00,02/27/2022,South,10471.99984577636
2022-02-27 16:00:00,02/27/2022,South,10641.072157617182
2022-02-27 17:00:00,02/27/2022,South,11273.192245324708
2022-02-27 18:00:00,02/27/2022,South,12321.620806347655
2022-02-27 19:00:00,02/27/2022,South,13043.769702856447
2022-02-27 20:00:00,02/27/2022,South,13065.150824755863
2022-02-27 21:00:00,02/27/2022,South,12762.632044189459
2022-02-27 22:00:00,02/27/2022,South,12155.087852746581
2022-02-27 23:00:00,02/27/2022,South,11443.32652104492
2022-02-28 00:00:00,02/28/2022,South,10604.68715585938
2022-02-28 01:00:00,02/28/2022,South,10331.871484887695
2022-02-28 02:00:00,02/28/2022,South,10253.694875036625
2022-02-28 03:00:00,02/28/2022,South,10437.67894957276
2022-02-28 04:00:00,02/28/2022,South,10930.126901599117
2022-02-28 05:00:00,02/28/2022,South,11933.558450671384
2022-02-28 06:00:00,02/28/2022,South,13434.41967410889
2022-02-28 07:00:00,02/28/2022,South,14008.737084692386
2022-02-28 08:00:00,02/28/2022,South,13429.900260144035
2022-02-28 09:00:00,02/28/2022,South,12469.866178173828
2022-02-28 10:00:00,02/28/2022,South,11598.224740917967
2022-02-28 11:00:00,02/28/2022,South,10886.357432409663
2022-02-28 12:00:00,02/28/2022,South,10373.98396159668
2022-02-28 13:00:00,02/28/2022,South,10027.63012403565
2022-02-28 14:00:00,02/28/2022,South,9820.531295019533
2022-02-28 15:00:00,02/28/2022,South,9757.259955737305
2022-02-28 16:00:00,02/28/2022,South,9886.288036950687
2022-02-28 17:00:00,02/28/2022,South,10382.363683105468
2022-02-28 18:00:00,02/28/2022,South,11137.834030786133
2022-02-28 19:00:00,02/28/2022,South,11584.47125096436
2022-02-28 20:00:00,02/28/2022,South,11523.8871229248
2022-02-28 21:00:00,02/28/2022,South,11221.120175927734
2022-02-28 22:00:00,02/28/2022,South,10746.724163281244
2022-02-28 23:00:00,02/28/2022,South,10244.17442528076
2022-03-01 00:00:00,03/01/2022,South,10030.99963864746
2022-03-01 01:00:00,03/01/2022,South,9874.239840222162
2022-03-01 02:00:00,03/01/2022,South,9855.373330981443
2022-03-01 03:00:00,03/01/2022,South,9910.034574877927
2022-03-01 04:00:00,03/01/2022,South,10214.628285437017
2022-03-01 05:00:00,03/01/2022,South,10918.64716138916
2022-03-01 06:00:00,03/01/2022,South,12033.119935205077
2022-03-01 07:00:00,03/01/2022,South,12431.766175134277
2022-03-01 08:00:00,03/01/2022,South,12075.462112988276
2022-03-01 09:00:00,03/01/2022,South,11567.993860925291
2022-03-01 10:00:00,03/01/2022,South,11048.452081115724
2022-03-01 11:00:00,03/01/2022,South,10585.494518041996
2022-03-01 12:00:00,03/01/2022,South,10241.423909704588
2022-03-01 13:00:00,03/01/2022,South,9997.98271118164
2022-03-01 14:00:00,03/01/2022,South,9830.320053869633
2022-03-01 15:00:00,03/01/2022,South,9713.593881250004
2022-03-01 16:00:00,03/01/2022,South,9759.506375500483
2022-03-01 17:00:00,03/01/2022,South,10026.528189123535
2022-03-01 18:00:00,03/01/2022,South,10500.155081335448
2022-03-01 19:00:00,03/01/2022,South,10809.245376220704
2022-03-01 20:00:00,03/01/2022,South,10691.911719140624
2022-03-01 21:00:00,03/01/2022,South,10418.274226416015
2022-03-01 22:00:00,03/01/2022,South,9956.489365466306
2022-03-01 23:00:00,03/01/2022,South,9520.70921339112
2022-03-02 00:00:00,03/02/2022,South,9207.584155529785
2022-03-02 01:00:00,03/02/2022,South,8956.31688046875
2022-03-02 02:00:00,03/02/2022,South,8885.01978143311
2022-03-02 03:00:00,03/02/2022,South,8944.895904199218
2022-03-02 04:00:00,03/02/2022,South,9210.177076794434
2022-03-02 05:00:00,03/02/2022,South,9855.473613708496
2022-03-02 06:00:00,03/02/2022,South,10950.83079641114
2022-03-02 07:00:00,03/02/2022,South,11339.651617321771
2022-03-02 08:00:00,03/02/2022,South,10995.534615747069
2022-03-02 09:00:00,03/02/2022,South,10567.636332385255
2022-03-02 10:00:00,03/02/2022,South,10178.014848742676
2022-03-02 11:00:00,03/02/2022,South,9852.507334667967
2022-03-02 12:00:00,03/02/2022,South,9576.376163098144
2022-03-02 13:00:00,03/02/2022,South,9380.473612817379
2022-03-02 14:00:00,03/02/2022,South,9261.265956518553
2022-03-02 15:00:00,03/02/2022,South,9244.03891157227
2022-03-02 16:00:00,03/02/2022,South,9343.232599987788
2022-03-02 17:00:00,03/02/2022,South,9484.259340917968
2022-03-02 18:00:00,03/02/2022,South,9985.015030517585
2022-03-02 19:00:00,03/02/2022,South,10345.068124353025
2022-03-02 20:00:00,03/02/2022,South,10250.10186953125
2022-03-02 21:00:00,03/02/2022,South,9951.435936230468
2022-03-02 22:00:00,03/02/2022,South,9466.778426269526
2022-03-02 23:00:00,03/02/2022,South,8925.067191455073
2022-03-03 00:00:00,03/03/2022,South,8586.573959704596
2022-03-03 01:00:00,03/03/2022,South,8304.38012606201
2022-03-03 02:00:00,03/03/2022,South,8202.485182086179
2022-03-03 03:00:00,03/03/2022,South,8212.072549365233
2022-03-03 04:00:00,03/03/2022,South,8452.300006396483
2022-03-03 05:00:00,03/03/2022,South,9121.672761901858
2022-03-03 06:00:00,03/03/2022,South,10300.957575366216
2022-03-03 07:00:00,03/03/2022,South,10758.426007580572
2022-03-03 08:00:00,03/03/2022,South,10568.173672302244
2022-03-03 09:00:00,03/03/2022,South,10378.27290255127
2022-03-03 10:00:00,03/03/2022,South,10221.179594226072
2022-03-03 11:00:00,03/03/2022,South,10105.923348107915
2022-03-03 12:00:00,03/03/2022,South,10022.08244064942
2022-03-03 13:00:00,03/03/2022,South,9955.257972265625
2022-03-03 14:00:00,03/03/2022,South,9909.646315649416
2022-03-03 15:00:00,03/03/2022,South,9907.57574620362
2022-03-03 16:00:00,03/03/2022,South,10001.57371977539
2022-03-03 17:00:00,03/03/2022,South,10184.545316088868
2022-03-03 18:00:00,03/03/2022,South,10560.528471411128
2022-03-03 19:00:00,03/03/2022,South,10782.13591711426
2022-03-03 20:00:00,03/03/2022,South,10572.286942492672
2022-03-03 21:00:00,03/03/2022,South,10168.661981396488
2022-03-03 22:00:00,03/03/2022,South,9559.451281103517
2022-03-03 23:00:00,03/03/2022,South,8884.524922277837
2022-02-24 00:00:00,02/24/2022,West,6505.1452667236335
2022-02-24 01:00:00,02/24/2022,West,6562.438726708984
2022-02-24 02:00:00,02/24/2022,West,6563.054937658693
2022-02-24 03:00:00,02/24/2022,West,6603.973104687503
2022-02-24 04:00:00,02/24/2022,West,6686.327744299315
2022-02-24 05:00:00,02/24/2022,West,6788.866824462888
2022-02-24 06:00:00,02/24/2022,West,6803.052827966309
2022-02-24 07:00:00,02/24/2022,West,6809.893667797854
2022-02-24 08:00:00,02/24/2022,West,6720.159543518065
2022-02-24 09:00:00,02/24/2022,West,6664.944673901366
2022-02-24 10:00:00,02/24/2022,West,6574.530191748047
2022-02-24 11:00:00,02/24/2022,West,6484.9592647583
2022-02-24 12:00:00,02/24/2022,West,6444.033740527347
2022-02-24 13:00:00,02/24/2022,West,6340.314778649904
2022-02-24 14:00:00,02/24/2022,West,6160.440462402342
2022-02-24 15:00:00,02/24/2022,West,6112.235583044437
2022-02-24 16:00:00,02/24/2022,West,6107.591654541021
2022-02-24 17:00:00,02/24/2022,West,6126.325259814453
2022-02-24 18:00:00,02/24/2022,West,6130.220614599609
2022-02-24 19:00:00,02/24/2022,West,6384.432985778806
2022-02-24 20:00:00,02/24/2022,West,6465.720319628903
2022-02-24 21:00:00,02/24/2022,West,6413.271829809572
2022-02-24 22:00:00,02/24/2022,West,6322.0121741333
2022-02-24 23:00:00,02/24/2022,West,6248.089602758791
2022-02-25 00:00:00,02/25/2022,West,6204.679371484375
2022-02-25 01:00:00,02/25/2022,West,6190.83982196045
2022-02-25 02:00:00,02/25/2022,West,6208.898192773441
2022-02-25 03:00:00,02/25/2022,West,6241.772333154301
2022-02-25 04:00:00,02/25/2022,West,6302.945291394044
2022-02-25 05:00:00,02/25/2022,West,6422.586923364257
2022-02-25 06:00:00,02/25/2022,West,6596.339493957519
2022-02-25 07:00:00,02/25/2022,West,6654.402527294922
2022-02-25 08:00:00,02/25/2022,West,6560.282820764161
2022-02-25 09:00:00,02/25/2022,West,6442.403187927244
2022-02-25 10:00:00,02/25/2022,West,6308.436626367184
2022-02-25 11:00:00,02/25/2022,West,6162.532405407712
2022-02-25 12:00:00,02/25/2022,West,6041.730046850584
2022-02-25 13:00:00,02/25/2022,West,5948.378077075194
2022-02-25 14:00:00,02/25/2022,West,5882.729939074708
2022-02-25 15:00:00,02/25/2022,West,5849.12883879394
2022-02-25 16:00:00,02/25/2022,West,5883.280152099613
2022-02-25 17:00:00,02/25/2022,West,5963.15029104004
2022-02-25 18:00:00,02/25/2022,West,6107.485987353516
2022-02-25 19:00:00,02/25/2022,West,6212.105596362303
2022-02-25 20:00:00,02/25/2022,West,6225.704697937012
2022-02-25 21:00:00,02/25/2022,West,6219.848829821781
2022-02-25 22:00:00,02/25/2022,West,6193.963996447754
2022-02-25 23:00:00,02/25/2022,West,6149.477276953125
2022-02-26 00:00:00,02/26/2022,West,6146.157741662597
2022-02-26 01:00:00,02/26/2022,West,6139.576565502928
2022-02-26 02:00:00,02/26/2022,West,6126.315898559569
2022-02-26 03:00:00,02/26/2022,West,6169.510651464844
2022-02-26 04:00:00,02/26/2022,West,6183.216215246581
2022-02-26 05:00:00,02/26/2022,West,6236.277655187988
2022-02-26 06:00:00,02/26/2022,West,6298.8371232299805
2022-02-26 07:00:00,02/26/2022,West,6397.145977673341
2022-02-26 08:00:00,02/26/2022,West,6410.688986767581
2022-02-26 09:00:00,02/26/2022,West,6382.1651467041065
2022-02-26 10:00:00,02/26/2022,West,6306.934703112794
2022-02-26 11:00:00,02/26/2022,West,6205.182734570313
2022-02-26 12:00:00,02/26/2022,West,6116.893799450685
2022-02-26 13:00:00,02/26/2022,West,6036.749919848631
2022-02-26 14:00:00,02/26/2022,West,5962.174958215331
2022-02-26 15:00:00,02/26/2022,West,5938.300383850097
2022-02-26 16:00:00,02/26/2022,West,5946.644915820313
2022-02-26 17:00:00,02/26/2022,West,6039.216084692382
2022-02-26 18:00:00,02/26/2022,West,6197.587365856935
2022-02-26 19:00:00,02/26/2022,West,6325.690989257816
2022-02-26 20:00:00,02/26/2022,West,6297.496813549804
2022-02-26 21:00:00,02/26/2022,West,6237.576279895017
2022-02-26 22:00:00,02/26/2022,West,6154.514688012693
2022-02-26 23:00:00,02/26/2022,West,6036.509992236328
2022-02-27 00:00:00,02/27/2022,West,5994.3533854736315
2022-02-27 01:00:00,02/27/2022,West,5987.218587243653
2022-02-27 02:00:00,02/27/2022,West,5981.552309899904
2022-02-27 03:00:00,02/27/2022,West,6026.577081030275
2022-02-27 04:00:00,02/27/2022,West,6037.651580224609
2022-02-27 05:00:00,02/27/2022,West,6085.2163708251965
2022-02-27 06:00:00,02/27/2022,West,6164.069575280762
2022-02-27 07:00:00,02/27/2022,West,6282.298846203612
2022-02-27 08:00:00,02/27/2022,West,6215.223941857913
2022-02-27 09:00:00,02/27/2022,West,6106.667927416994
2022-02-27 10:00:00,02/27/2022,West,5948.937838769534
2022-02-27 11:00:00,02/27/2022,West,5807.773035449218
2022-02-27 12:00:00,02/27/2022,West,5695.382755053709
2022-02-27 13:00:00,02/27/2022,West,5599.235857482907
2022-02-27 14:00:00,02/27/2022,West,5522.293731433115
2022-02-27 15:00:00,02/27/2022,West,5470.887477722166
2022-02-27 16:00:00,02/27/2022,West,5483.329511767578
2022-02-27 17:00:00,02/27/2022,West,5573.01094916992
2022-02-27 18:00:00,02/27/2022,West,5752.000486230469
2022-02-27 19:00:00,02/27/2022,West,5928.678657250977
2022-02-27 20:00:00,02/27/2022,West,5964.803709033204
2022-02-27 21:00:00,02/27/2022,West,5963.730793029784
2022-02-27 22:00:00,02/27/2022,West,5891.014016918946
2022-02-27 23:00:00,02/27/2022,West,5804.40634671631
2022-02-28 00:00:00,02/28/2022,West,5783.62744008789
2022-02-28 01:00:00,02/28/2022,West,5747.420696069341
2022-02-28 02:00:00,02/28/2022,West,5749.080016235351
2022-02-28 03:00:00,02/28/2022,West,5796.339454919434
2022-02-28 04:00:00,02/28/2022,West,5874.10481224365
2022-02-28 05:00:00,02/28/2022,West,6044.604789013672
2022-02-28 06:00:00,02/28/2022,West,6309.328879077147
2022-02-28 07:00:00,02/28/2022,West,6418.035665002437
2022-02-28 08:00:00,02/28/2022,West,6249.3906116333
2022-02-28 09:00:00,02/28/2022,West,6023.298761083984
2022-02-28 10:00:00,02/28/2022,West,5830.936757592776
2022-02-28 11:00:00,02/28/2022,West,5656.536249291991
2022-02-28 12:00:00,02/28/2022,West,5510.081607434089
2022-02-28 13:00:00,02/28/2022,West,5416.707373156745
2022-02-28 14:00:00,02/28/2022,West,5370.594160009766
2022-02-28 15:00:00,02/28/2022,West,5350.694326452641
2022-02-28 16:00:00,02/28/2022,West,5384.394345202633
2022-02-28 17:00:00,02/28/2022,West,5459.1888901245175
2022-02-28 18:00:00,02/28/2022,West,5647.695033288572
2022-02-28 19:00:00,02/28/2022,West,5813.609146801756
2022-02-28 20:00:00,02/28/2022,West,5841.530625561524
2022-02-28 21:00:00,02/28/2022,West,5824.313381530763
2022-02-28 22:00:00,02/28/2022,West,5719.352116442872
2022-02-28 23:00:00,02/28/2022,West,5589.099662499996
2022-03-01 00:00:00,03/01/2022,West,5490.8899081665
2022-03-01 01:00:00,03/01/2022,West,5440.281623376462
2022-03-01 02:00:00,03/01/2022,West,5443.805200830076
2022-03-01 03:00:00,03/01/2022,West,5477.302110644534
2022-03-01 04:00:00,03/01/2022,West,5536.140234008788
2022-03-01 05:00:00,03/01/2022,West,5698.1557876709
2022-03-01 06:00:00,03/01/2022,West,5971.085253295901
2022-03-01 07:00:00,03/01/2022,West,6063.503095031738
2022-03-01 08:00:00,03/01/2022,West,5898.015978210449
2022-03-01 09:00:00,03/01/2022,West,5747.7774833374
2022-03-01 10:00:00,03/01/2022,West,5625.937141003417
2022-03-01 11:00:00,03/01/2022,West,5499.465316088866
2022-03-01 12:00:00,03/01/2022,West,5371.311099523929
2022-03-01 13:00:00,03/01/2022,West,5317.016426208492
2022-03-01 14:00:00,03/01/2022,West,5291.2877185913085
2022-03-01 15:00:00,03/01/2022,West,5282.420010583497
2022-03-01 16:00:00,03/01/2022,West,5334.518004199213
2022-03-01 17:00:00,03/01/2022,West,5395.708546557624
2022-03-01 18:00:00,03/01/2022,West,5566.6128659545875
2022-03-01 19:00:00,03/01/2022,West,5773.855371289063
2022-03-01 20:00:00,03/01/2022,West,5745.720203454591
2022-03-01 21:00:00,03/01/2022,West,5695.836869238281
2022-03-01 22:00:00,03/01/2022,West,5571.192669396972
2022-03-01 23:00:00,03/01/2022,West,5448.571647277834
2022-03-02 00:00:00,03/02/2022,West,5356.498614477541
2022-03-02 01:00:00,03/02/2022,West,5305.945443176264
2022-03-02 02:00:00,03/02/2022,West,5309.921574633783
2022-03-02 03:00:00,03/02/2022,West,5331.590051818847
2022-03-02 04:00:00,03/02/2022,West,5392.058601953126
2022-03-02 05:00:00,03/02/2022,West,5538.051305688476
2022-03-02 06:00:00,03/02/2022,West,5812.334597412112
2022-03-02 07:00:00,03/02/2022,West,5904.223039245602
2022-03-02 08:00:00,03/02/2022,West,5744.97373098145
2022-03-02 09:00:00,03/02/2022,West,5612.203444287113
2022-03-02 10:00:00,03/02/2022,West,5501.708726965335
2022-03-02 11:00:00,03/02/2022,West,5374.498780432128
2022-03-02 12:00:00,03/02/2022,West,5254.4694753662125
2022-03-02 13:00:00,03/02/2022,West,5234.418175537116
2022-03-02 14:00:00,03/02/2022,West,5235.541341406252
2022-03-02 15:00:00,03/02/2022,West,5273.454831542968
2022-03-02 16:00:00,03/02/2022,West,5330.911109350579
2022-03-02 17:00:00,03/02/2022,West,5377.638022351075
2022-03-02 18:00:00,03/02/2022,West,5506.93892539062
2022-03-02 19:00:00,03/02/2022,West,5627.9004326416
2022-03-02 20:00:00,03/02/2022,West,5619.313344775391
2022-03-02 21:00:00,03/02/2022,West,5579.752198571778
2022-03-02 22:00:00,03/02/2022,West,5488.03044304199
2022-03-02 23:00:00,03/02/2022,West,5355.793683154292
2022-03-03 00:00:00,03/03/2022,West,5305.375669531256
2022-03-03 01:00:00,03/03/2022,West,5274.200871118168
2022-03-03 02:00:00,03/03/2022,West,5310.718885449216
2022-03-03 03:00:00,03/03/2022,West,5356.838885559081
2022-03-03 04:00:00,03/03/2022,West,5391.9772879516595
2022-03-03 05:00:00,03/03/2022,West,5512.0000772583
2022-03-03 06:00:00,03/03/2022,West,5768.501953601079
2022-03-03 07:00:00,03/03/2022,West,5822.550437402343
2022-03-03 08:00:00,03/03/2022,West,5673.889755444335
2022-03-03 09:00:00,03/03/2022,West,5564.815670874024
2022-03-03 10:00:00,03/03/2022,West,5469.7851121459935
2022-03-03 11:00:00,03/03/2022,West,5363.440073010261
2022-03-03 12:00:00,03/03/2022,West,5229.035641162112
2022-03-03 13:00:00,03/03/2022,West,5243.071920703125
2022-03-03 14:00:00,03/03/2022,West,5261.4310997924795
2022-03-03 15:00:00,03/03/2022,West,5326.076993615729
2022-03-03 16:00:00,03/03/2022,West,5399.344084570308
2022-03-03 17:00:00,03/03/2022,West,5428.20668198242
2022-03-03 18:00:00,03/03/2022,West,5509.709199047857
2022-03-03 19:00:00,03/03/2022,West,5565.456139843753
2022-03-03 20:00:00,03/03/2022,West,5503.053663488772
2022-03-03 21:00:00,03/03/2022,West,5454.7188189209055
2022-03-03 22:00:00,03/03/2022,West,5346.074622900385
2022-03-03 23:00:00,03/03/2022,West,5171.85647486572
2022-02-24 00:00:00,02/24/2022,Houston,11173.408815625
2022-02-24 01:00:00,02/24/2022,Houston,11019.951910351561
2022-02-24 02:00:00,02/24/2022,Houston,11074.279557519532
2022-02-24 03:00:00,02/24/2022,Houston,11182.689046386718
2022-02-24 04:00:00,02/24/2022,Houston,11207.856998046876
2022-02-24 05:00:00,02/24/2022,Houston,11884.981888574219
2022-02-24 06:00:00,02/24/2022,Houston,12756.976391894532
2022-02-24 07:00:00,02/24/2022,Houston,12924.056971191407
2022-02-24 08:00:00,02/24/2022,Houston,12748.226563085937
2022-02-24 09:00:00,02/24/2022,Houston,12973.096658105467
2022-02-24 10:00:00,02/24/2022,Houston,12874.697890234376
2022-02-24 11:00:00,02/24/2022,Houston,12457.43378046875
2022-02-24 12:00:00,02/24/2022,Houston,12524.631278808592
2022-02-24 13:00:00,02/24/2022,Houston,12742.358686914062
2022-02-24 14:00:00,02/24/2022,Houston,12669.108833789061
2022-02-24 15:00:00,02/24/2022,Houston,12843.191866210936
2022-02-24 16:00:00,02/24/2022,Houston,13003.741248339844
2022-02-24 17:00:00,02/24/2022,Houston,13445.761501660156
2022-02-24 18:00:00,02/24/2022,Houston,13809.20181142578
2022-02-24 19:00:00,02/24/2022,Houston,13811.665277148437
2022-02-24 20:00:00,02/24/2022,Houston,13756.53955
2022-02-24 21:00:00,02/24/2022,Houston,13452.721027148436
2022-02-24 22:00:00,02/24/2022,Houston,12901.651901660156
2022-02-24 23:00:00,02/24/2022,Houston,12341.282446679688
2022-02-25 00:00:00,02/25/2022,Houston,11890.055074804688
2022-02-25 01:00:00,02/25/2022,Houston,11582.553909179687
2022-02-25 02:00:00,02/25/2022,Houston,11416.248043847656
2022-02-25 03:00:00,02/25/2022,Houston,11476.623108105468
2022-02-25 04:00:00,02/25/2022,Houston,11763.966650292969
2022-02-25 05:00:00,02/25/2022,Houston,12459.514949414062
2022-02-25 06:00:00,02/25/2022,Houston,13391.67883046875
2022-02-25 07:00:00,02/25/2022,Houston,13860.068663085936
2022-02-25 08:00:00,02/25/2022,Houston,14081.828263085936
2022-02-25 09:00:00,02/25/2022,Houston,14291.049771191407
2022-02-25 10:00:00,02/25/2022,Houston,14352.992516210936
2022-02-25 11:00:00,02/25/2022,Houston,14231.359698339844
2022-02-25 12:00:00,02/25/2022,Houston,13966.577931835936
2022-02-25 13:00:00,02/25/2022,Houston,13779.972179882812
2022-02-25 14:00:00,02/25/2022,Houston,13532.104715625
2022-02-25 15:00:00,02/25/2022,Houston,13374.504590820312
2022-02-25 16:00:00,02/25/2022,Houston,13403.5033765625
2022-02-25 17:00:00,02/25/2022,Houston,13579.048266992188
2022-02-25 18:00:00,02/25/2022,Houston,13779.320921777344
2022-02-25 19:00:00,02/25/2022,Houston,13755.242966992188
2022-02-25 20:00:00,02/25/2022,Houston,13524.594870898436
2022-02-25 21:00:00,02/25/2022,Houston,13179.129794433593
2022-02-25 22:00:00,02/25/2022,Houston,12616.485251367189
2022-02-25 23:00:00,02/25/2022,Houston,12048.219270898437
2022-02-26 00:00:00,02/26/2022,Houston,11484.889865625
2022-02-26 01:00:00,02/26/2022,Houston,11059.869879101561
2022-02-26 02:00:00,02/26/2022,Houston,10758.127840234376
2022-02-26 03:00:00,02/26/2022,Houston,10680.373981054689
2022-02-26 04:00:00,02/26/2022,Houston,10716.156388867188
2022-02-26 05:00:00,02/26/2022,Houston,10930.922058398435
2022-02-26 06:00:00,02/26/2022,Houston,11300.018701660156
2022-02-26 07:00:00,02/26/2022,Houston,11693.155382421875
2022-02-26 08:00:00,02/26/2022,Houston,12213.425979882812
2022-02-26 09:00:00,02/26/2022,Houston,12630.563436328124
2022-02-26 10:00:00,02/26/2022,Houston,12852.078147753906
2022-02-26 11:00:00,02/26/2022,Houston,12857.497294433591
2022-02-26 12:00:00,02/26/2022,Houston,12623.681103320312
2022-02-26 13:00:00,02/26/2022,Houston,12372.71908798828
2022-02-26 14:00:00,02/26/2022,Houston,12137.950398339844
2022-02-26 15:00:00,02/26/2022,Houston,12042.37038017578
2022-02-26 16:00:00,02/26/2022,Houston,12101.799581054687
2022-02-26 17:00:00,02/26/2022,Houston,12328.28098828125
2022-02-26 18:00:00,02/26/2022,Houston,12716.888658105468
2022-02-26 19:00:00,02/26/2022,Houston,12768.978295507812
2022-02-26 20:00:00,02/26/2022,Houston,12560.28833798828
2022-02-26 21:00:00,02/26/2022,Houston,12282.560678515623
2022-02-26 22:00:00,02/26/2022,Houston,11880.3884921875
2022-02-26 23:00:00,02/26/2022,Houston,11445.573715039061
2022-02-27 00:00:00,02/27/2022,Houston,11047.317941894533
2022-02-27 01:00:00,02/27/2022,Houston,10678.442641894531
2022-02-27 02:00:00,02/27/2022,Houston,10437.081201660156
2022-02-27 03:00:00,02/27/2022,Houston,10358.398359179688
2022-02-27 04:00:00,02/27/2022,Houston,10376.137875390625
2022-02-27 05:00:00,02/27/2022,Houston,10536.0190265625
2022-02-27 06:00:00,02/27/2022,Houston,10787.857108398435
2022-02-27 07:00:00,02/27/2022,Houston,11041.686671191406
2022-02-27 08:00:00,02/27/2022,Houston,11438.41858798828
2022-02-27 09:00:00,02/27/2022,Houston,11730.113264257812
2022-02-27 10:00:00,02/27/2022,Houston,11848.174197753906
2022-02-27 11:00:00,02/27/2022,Houston,11781.193916796876
2022-02-27 12:00:00,02/27/2022,Houston,11509.390317578123
2022-02-27 13:00:00,02/27/2022,Houston,11235.040025683593
2022-02-27 14:00:00,02/27/2022,Houston,11017.933466503906
2022-02-27 15:00:00,02/27/2022,Houston,10943.337151367188
2022-02-27 16:00:00,02/27/2022,Houston,11049.360736914063
2022-02-27 17:00:00,02/27/2022,Houston,11312.090221777344
2022-02-27 18:00:00,02/27/2022,Houston,11894.906866503907
2022-02-27 19:00:00,02/27/2022,Houston,12126.372861132812
2022-02-27 20:00:00,02/27/2022,Houston,12012.901220117188
2022-02-27 21:00:00,02/27/2022,Houston,11722.849854492188
2022-02-27 22:00:00,02/27/2022,Houston,11299.2416890625
2022-02-27 23:00:00,02/27/2022,Houston,10788.988625976563
2022-02-28 00:00:00,02/28/2022,Houston,10214.053034082031
2022-02-28 01:00:00,02/28/2022,Houston,10157.431052246093
2022-02-28 02:00:00,02/28/2022,Houston,10205.222023730468
2022-02-28 03:00:00,02/28/2022,Houston,10376.6750609375
2022-02-28 04:00:00,02/28/2022,Houston,10742.68944609375
2022-02-28 05:00:00,02/28/2022,Houston,11451.153201660156
2022-02-28 06:00:00,02/28/2022,Houston,12351.10205361328
2022-02-28 07:00:00,02/28/2022,Houston,12646.63464580078
2022-02-28 08:00:00,02/28/2022,Houston,12543.203851367189
2022-02-28 09:00:00,02/28/2022,Houston,12253.853129882811
2022-02-28 10:00:00,02/28/2022,Houston,11939.944931542968
2022-02-28 11:00:00,02/28/2022,Houston,11608.776168164062
2022-02-28 12:00:00,02/28/2022,Houston,11299.623599707033
2022-02-28 13:00:00,02/28/2022,Houston,11157.133209472657
2022-02-28 14:00:00,02/28/2022,Houston,11047.067265917967
2022-02-28 15:00:00,02/28/2022,Houston,10973.365274609376
2022-02-28 16:00:00,02/28/2022,Houston,10948.71287236328
2022-02-28 17:00:00,02/28/2022,Houston,11101.139967871091
2022-02-28 18:00:00,02/28/2022,Houston,11397.95960390625
2022-02-28 19:00:00,02/28/2022,Houston,11469.895865917968
2022-02-28 20:00:00,02/28/2022,Houston,11353.276625976561
2022-02-28 21:00:00,02/28/2022,Houston,11061.916694433592
2022-02-28 22:00:00,02/28/2022,Houston,10610.201606152345
2022-02-28 23:00:00,02/28/2022,Houston,10158.494174316405
2022-03-01 00:00:00,03/01/2022,Houston,9884.668438867187
2022-03-01 01:00:00,03/01/2022,Houston,9759.291827929688
2022-03-01 02:00:00,03/01/2022,Houston,9747.238677929688
2022-03-01 03:00:00,03/01/2022,Houston,9873.896475683592
2022-03-01 04:00:00,03/01/2022,Houston,10164.302894433593
2022-03-01 05:00:00,03/01/2022,Houston,10810.335413085935
2022-03-01 06:00:00,03/01/2022,Houston,11688.5528078125
2022-03-01 07:00:00,03/01/2022,Houston,12060.9781265625
2022-03-01 08:00:00,03/01/2022,Houston,11961.707520410157
2022-03-01 09:00:00,03/01/2022,Houston,11665.962194726562
2022-03-01 10:00:00,03/01/2022,Houston,11393.255381835936
2022-03-01 11:00:00,03/01/2022,Houston,11174.01416171875
2022-03-01 12:00:00,03/01/2022,Houston,10987.955475683591
2022-03-01 13:00:00,03/01/2022,Houston,10869.537900292968
2022-03-01 14:00:00,03/01/2022,Houston,10736.422721777344
2022-03-01 15:00:00,03/01/2022,Houston,10580.300877929689
2022-03-01 16:00:00,03/01/2022,Houston,10510.138690527345
2022-03-01 17:00:00,03/01/2022,Houston,10601.815309765623
2022-03-01 18:00:00,03/01/2022,Houston,10842.011536621092
2022-03-01 19:00:00,03/01/2022,Houston,10907.290198339844
2022-03-01 20:00:00,03/01/2022,Houston,10803.223706445311
2022-03-01 21:00:00,03/01/2022,Houston,10547.450938867189
2022-03-01 22:00:00,03/01/2022,Houston,10160.047866210936
2022-03-01 23:00:00,03/01/2022,Houston,9826.211203320312
2022-03-02 00:00:00,03/02/2022,Houston,9625.530074609376
2022-03-02 01:00:00,03/02/2022,Houston,9488.8291875
2022-03-02 02:00:00,03/02/2022,Houston,9471.224133398435
2022-03-02 03:00:00,03/02/2022,Houston,9568.110919140625
2022-03-02 04:00:00,03/02/2022,Houston,9844.16395361328
2022-03-02 05:00:00,03/02/2022,Houston,10467.098559472655
2022-03-02 06:00:00,03/02/2022,Houston,11293.111299414062
2022-03-02 07:00:00,03/02/2022,Houston,11587.815902539061
2022-03-02 08:00:00,03/02/2022,Houston,11548.98401875
2022-03-02 09:00:00,03/02/2022,Houston,11358.813541601561
2022-03-02 10:00:00,03/02/2022,Houston,11186.727364257811
2022-03-02 11:00:00,03/02/2022,Houston,11008.929834960936
2022-03-02 12:00:00,03/02/2022,Houston,10836.48666142578
2022-03-02 13:00:00,03/02/2022,Houston,10752.027970703124
2022-03-02 14:00:00,03/02/2022,Houston,10623.655698632812
2022-03-02 15:00:00,03/02/2022,Houston,10492.660609179688
2022-03-02 16:00:00,03/02/2022,Houston,10372.174121484377
2022-03-02 17:00:00,03/02/2022,Houston,10291.569452539063
2022-03-02 18:00:00,03/02/2022,Houston,10585.508715917967
2022-03-02 19:00:00,03/02/2022,Houston,10710.364148046876
2022-03-02 20:00:00,03/02/2022,Houston,10573.260778515623
2022-03-02 21:00:00,03/02/2022,Houston,10307.742279589844
2022-03-02 22:00:00,03/02/2022,Houston,9927.187766210936
2022-03-02 23:00:00,03/02/2022,Houston,9550.147285058592
2022-03-03 00:00:00,03/03/2022,Houston,9332.450990722657
2022-03-03 01:00:00,03/03/2022,Houston,9170.016730566407
2022-03-03 02:00:00,03/03/2022,Houston,9122.746230273437
2022-03-03 03:00:00,03/03/2022,Houston,9182.692096386718
2022-03-03 04:00:00,03/03/2022,Houston,9427.330861523436
2022-03-03 05:00:00,03/03/2022,Houston,10061.816761132812
2022-03-03 06:00:00,03/03/2022,Houston,10937.711785742187
2022-03-03 07:00:00,03/03/2022,Houston,11302.1188921875
2022-03-03 08:00:00,03/03/2022,Houston,11393.96156875
2022-03-03 09:00:00,03/03/2022,Houston,11364.517501367189
2022-03-03 10:00:00,03/03/2022,Houston,11356.042474023436
2022-03-03 11:00:00,03/03/2022,Houston,11340.971144140623
2022-03-03 12:00:00,03/03/2022,Houston,11274.37379609375
2022-03-03 13:00:00,03/03/2022,Houston,11247.212470703123
2022-03-03 14:00:00,03/03/2022,Houston,11133.291859472656
2022-03-03 15:00:00,03/03/2022,Houston,10986.413294140624
2022-03-03 16:00:00,03/03/2022,Houston,10890.727036621092
2022-03-03 17:00:00,03/03/2022,Houston,10812.50932265625
2022-03-03 18:00:00,03/03/2022,Houston,11010.373139941406
2022-03-03 19:00:00,03/03/2022,Houston,11111.756927636718
2022-03-03 20:00:00,03/03/2022,Houston,10956.488851953123
2022-03-03 21:00:00,03/03/2022,Houston,10668.97868017578
2022-03-03 22:00:00,03/03/2022,Houston,10227.832252246091
2022-03-03 23:00:00,03/03/2022,Houston,9765.353097460937
2022-02-24 00:00:00,02/24/2022,SystemTotal,53901.93957519532
2022-02-24 01:00:00,02/24/2022,SystemTotal,53662.19921875
2022-02-24 02:00:00,02/24/2022,SystemTotal,53601.42895507813
2022-02-24 03:00:00,02/24/2022,SystemTotal,54087.65014648438
2022-02-24 04:00:00,02/24/2022,SystemTotal,55006.26086425781
2022-02-24 05:00:00,02/24/2022,SystemTotal,57083.23046874999
2022-02-24 06:00:00,02/24/2022,SystemTotal,59463.63928222657
2022-02-24 07:00:00,02/24/2022,SystemTotal,60356.77905273438
2022-02-24 08:00:00,02/24/2022,SystemTotal,59807.72937011718
2022-02-24 09:00:00,02/24/2022,SystemTotal,60559.62976074218
2022-02-24 10:00:00,02/24/2022,SystemTotal,60836.64038085938
2022-02-24 11:00:00,02/24/2022,SystemTotal,59978.8310546875
2022-02-24 12:00:00,02/24/2022,SystemTotal,59862.26025390625
2022-02-24 13:00:00,02/24/2022,SystemTotal,58973.02966308595
2022-02-24 14:00:00,02/24/2022,SystemTotal,57524.71044921875
2022-02-24 15:00:00,02/24/2022,SystemTotal,57119.84899902344
2022-02-24 16:00:00,02/24/2022,SystemTotal,57754.10034179688
2022-02-24 17:00:00,02/24/2022,SystemTotal,58773.93969726563
2022-02-24 18:00:00,02/24/2022,SystemTotal,60392.26037597656
2022-02-24 19:00:00,02/24/2022,SystemTotal,60677.89086914062
2022-02-24 20:00:00,02/24/2022,SystemTotal,60047.41003417968
2022-02-24 21:00:00,02/24/2022,SystemTotal,58613.68176269532
2022-02-24 22:00:00,02/24/2022,SystemTotal,55830.400390625
2022-02-24 23:00:00,02/24/2022,SystemTotal,53246.40991210937
2022-02-25 00:00:00,02/25/2022,SystemTotal,51120.30834960938
2022-02-25 01:00:00,02/25/2022,SystemTotal,49966.08020019532
2022-02-25 02:00:00,02/25/2022,SystemTotal,49541.40942382813
2022-02-25 03:00:00,02/25/2022,SystemTotal,50277.61950683594
2022-02-25 04:00:00,02/25/2022,SystemTotal,52073.28039550781
2022-02-25 05:00:00,02/25/2022,SystemTotal,55571.35888671875
2022-02-25 06:00:00,02/25/2022,SystemTotal,60452.64038085938
2022-02-25 07:00:00,02/25/2022,SystemTotal,62709.95874023438
2022-02-25 08:00:00,02/25/2022,SystemTotal,62211.22033691407
2022-02-25 09:00:00,02/25/2022,SystemTotal,61149.25024414062
2022-02-25 10:00:00,02/25/2022,SystemTotal,59789.68017578125
2022-02-25 11:00:00,02/25/2022,SystemTotal,58048.07006835937
2022-02-25 12:00:00,02/25/2022,SystemTotal,56069.31103515625
2022-02-25 13:00:00,02/25/2022,SystemTotal,54297.27087402343
2022-02-25 14:00:00,02/25/2022,SystemTotal,52614.84997558594
2022-02-25 15:00:00,02/25/2022,SystemTotal,51452.00061035155
2022-02-25 16:00:00,02/25/2022,SystemTotal,51509.28051757813
2022-02-25 17:00:00,02/25/2022,SystemTotal,52843.01953125001
2022-02-25 18:00:00,02/25/2022,SystemTotal,55021.12963867188
2022-02-25 19:00:00,02/25/2022,SystemTotal,55716.00939941406
2022-02-25 20:00:00,02/25/2022,SystemTotal,55282.39965820313
2022-02-25 21:00:00,02/25/2022,SystemTotal,54113.49084472657
2022-02-25 22:00:00,02/25/2022,SystemTotal,52246.87927246094
2022-02-25 23:00:00,02/25/2022,SystemTotal,50410.53942871094
2022-02-26 00:00:00,02/26/2022,SystemTotal,49024.69934082031
2022-02-26 01:00:00,02/26/2022,SystemTotal,47839.98059082031
2022-02-26 02:00:00,02/26/2022,SystemTotal,47224.82043457031
2022-02-26 03:00:00,02/26/2022,SystemTotal,47041.04113769531
2022-02-26 04:00:00,02/26/2022,SystemTotal,47492.55090332031
2022-02-26 05:00:00,02/26/2022,SystemTotal,48664.58044433594
2022-02-26 06:00:00,02/26/2022,SystemTotal,50499.53015136719
2022-02-26 07:00:00,02/26/2022,SystemTotal,52508.31042480469
2022-02-26 08:00:00,02/26/2022,SystemTotal,54515.13012695313
2022-02-26 09:00:00,02/26/2022,SystemTotal,55720.43994140626
2022-02-26 10:00:00,02/26/2022,SystemTotal,55845.22033691406
2022-02-26 11:00:00,02/26/2022,SystemTotal,55016.51000976562
2022-02-26 12:00:00,02/26/2022,SystemTotal,53556.77990722657
2022-02-26 13:00:00,02/26/2022,SystemTotal,51899.74084472656
2022-02-26 14:00:00,02/26/2022,SystemTotal,50521.38989257813
2022-02-26 15:00:00,02/26/2022,SystemTotal,49880.71057128907
2022-02-26 16:00:00,02/26/2022,SystemTotal,50033.10070800781
2022-02-26 17:00:00,02/26/2022,SystemTotal,51169.88061523437
2022-02-26 18:00:00,02/26/2022,SystemTotal,52867.33923339844
2022-02-26 19:00:00,02/26/2022,SystemTotal,53325.35998535157
2022-02-26 20:00:00,02/26/2022,SystemTotal,52545.35009765625
2022-02-26 21:00:00,02/26/2022,SystemTotal,51304.55029296875
2022-02-26 22:00:00,02/26/2022,SystemTotal,49112.35961914062
2022-02-26 23:00:00,02/26/2022,SystemTotal,47011.61901855469
2022-02-27 00:00:00,02/27/2022,SystemTotal,45062.19995117187
2022-02-27 01:00:00,02/27/2022,SystemTotal,43757.69995117188
2022-02-27 02:00:00,02/27/2022,SystemTotal,43059.75024414063
2022-02-27 03:00:00,02/27/2022,SystemTotal,43375.048828125
2022-02-27 04:00:00,02/27/2022,SystemTotal,44277.26965332032
2022-02-27 05:00:00,02/27/2022,SystemTotal,45793.62023925781
2022-02-27 06:00:00,02/27/2022,SystemTotal,48247.43981933594
2022-02-27 07:00:00,02/27/2022,SystemTotal,50405.82995605469
2022-02-27 08:00:00,02/27/2022,SystemTotal,51380.20092773438
2022-02-27 09:00:00,02/27/2022,SystemTotal,50986.3505859375
2022-02-27 10:00:00,02/27/2022,SystemTotal,49502.89013671875
2022-02-27 11:00:00,02/27/2022,SystemTotal,47619.06030273437
2022-02-27 12:00:00,02/27/2022,SystemTotal,45618.03967285156
2022-02-27 13:00:00,02/27/2022,SystemTotal,43598.259765625
2022-02-27 14:00:00,02/27/2022,SystemTotal,41989.83056640627
2022-02-27 15:00:00,02/27/2022,SystemTotal,41239.9200439453
2022-02-27 16:00:00,02/27/2022,SystemTotal,41668.73095703125
2022-02-27 17:00:00,02/27/2022,SystemTotal,43458.55017089843
2022-02-27 18:00:00,02/27/2022,SystemTotal,46935.43054199219
2022-02-27 19:00:00,02/27/2022,SystemTotal,49062.24963378906
2022-02-27 20:00:00,02/27/2022,SystemTotal,49210.46032714844
2022-02-27 21:00:00,02/27/2022,SystemTotal,48356.11975097656
2022-02-27 22:00:00,02/27/2022,SystemTotal,46272.68920898438
2022-02-27 23:00:00,02/27/2022,SystemTotal,43950.92016601563
2022-02-28 00:00:00,02/28/2022,SystemTotal,41771.67004394532
2022-02-28 01:00:00,02/28/2022,SystemTotal,41187.76013183595
2022-02-28 02:00:00,02/28/2022,SystemTotal,41181.93005371094
2022-02-28 03:00:00,02/28/2022,SystemTotal,42087.37097167969
2022-02-28 04:00:00,02/28/2022,SystemTotal,43959.47973632812
2022-02-28 05:00:00,02/28/2022,SystemTotal,47509.69958496094
2022-02-28 06:00:00,02/28/2022,SystemTotal,52483.31945800781
2022-02-28 07:00:00,02/28/2022,SystemTotal,54373.69909667969
2022-02-28 08:00:00,02/28/2022,SystemTotal,52623.73876953125
2022-02-28 09:00:00,02/28/2022,SystemTotal,49689.47045898437
2022-02-28 10:00:00,02/28/2022,SystemTotal,46986.33020019532
2022-02-28 11:00:00,02/28/2022,SystemTotal,44619.13037109374
2022-02-28 12:00:00,02/28/2022,SystemTotal,42669.00952148438
2022-02-28 13:00:00,02/28/2022,SystemTotal,41397.62951660158
2022-02-28 14:00:00,02/28/2022,SystemTotal,40418.61987304687
2022-02-28 15:00:00,02/28/2022,SystemTotal,39876.90063476563
2022-02-28 16:00:00,02/28/2022,SystemTotal,40105.89038085937
2022-02-28 17:00:00,02/28/2022,SystemTotal,41365.49047851563
2022-02-28 18:00:00,02/28/2022,SystemTotal,43866.65954589844
2022-02-28 19:00:00,02/28/2022,SystemTotal,45177.02038574219
2022-02-28 20:00:00,02/28/2022,SystemTotal,45040.79028320312
2022-02-28 21:00:00,02/28/2022,SystemTotal,43997.830078125
2022-02-28 22:00:00,02/28/2022,SystemTotal,42136.06018066406
2022-02-28 23:00:00,02/28/2022,SystemTotal,40255.36962890624
2022-03-01 00:00:00,03/01/2022,SystemTotal,39253.05029296874
2022-03-01 01:00:00,03/01/2022,SystemTotal,38704.61950683593
2022-03-01 02:00:00,03/01/2022,SystemTotal,38651.64965820312
2022-03-01 03:00:00,03/01/2022,SystemTotal,38999.27990722656
2022-03-01 04:00:00,03/01/2022,SystemTotal,40222.66088867188
2022-03-01 05:00:00,03/01/2022,SystemTotal,43028.65966796875
2022-03-01 06:00:00,03/01/2022,SystemTotal,47193.31994628907
2022-03-01 07:00:00,03/01/2022,SystemTotal,48672.76989746094
2022-03-01 08:00:00,03/01/2022,SystemTotal,47437.23034667969
2022-03-01 09:00:00,03/01/2022,SystemTotal,45833.13024902343
2022-03-01 10:00:00,03/01/2022,SystemTotal,44306.97973632813
2022-03-01 11:00:00,03/01/2022,SystemTotal,42884.04931640626
2022-03-01 12:00:00,03/01/2022,SystemTotal,41672.97985839844
2022-03-01 13:00:00,03/01/2022,SystemTotal,40822.34057617187
2022-03-01 14:00:00,03/01/2022,SystemTotal,40119.73010253907
2022-03-01 15:00:00,03/01/2022,SystemTotal,39542.62011718751
2022-03-01 16:00:00,03/01/2022,SystemTotal,39577.71069335936
2022-03-01 17:00:00,03/01/2022,SystemTotal,40366.00964355469
2022-03-01 18:00:00,03/01/2022,SystemTotal,42072.84057617187
2022-03-01 19:00:00,03/01/2022,SystemTotal,43133.3603515625
2022-03-01 20:00:00,03/01/2022,SystemTotal,42820.34045410156
2022-03-01 21:00:00,03/01/2022,SystemTotal,41742.56042480469
2022-03-01 22:00:00,03/01/2022,SystemTotal,39976.26989746094
2022-03-01 23:00:00,03/01/2022,SystemTotal,38380.66943359376
2022-03-02 00:00:00,03/02/2022,SystemTotal,37439.37951660157
2022-03-02 01:00:00,03/02/2022,SystemTotal,36802.93054199218
2022-03-02 02:00:00,03/02/2022,SystemTotal,36735.34985351562
2022-03-02 03:00:00,03/02/2022,SystemTotal,37062.80078125
2022-03-02 04:00:00,03/02/2022,SystemTotal,38157.55981445313
2022-03-02 05:00:00,03/02/2022,SystemTotal,40708.35009765625
2022-03-02 06:00:00,03/02/2022,SystemTotal,44686.57934570314
2022-03-02 07:00:00,03/02/2022,SystemTotal,46036.27014160155
2022-03-02 08:00:00,03/02/2022,SystemTotal,44899.80041503907
2022-03-02 09:00:00,03/02/2022,SystemTotal,43438.08984375001
2022-03-02 10:00:00,03/02/2022,SystemTotal,42128.97045898438
2022-03-02 11:00:00,03/02/2022,SystemTotal,40926.82067871093
2022-03-02 12:00:00,03/02/2022,SystemTotal,39910.17907714844
2022-03-02 13:00:00,03/02/2022,SystemTotal,39252.61999511719
2022-03-02 14:00:00,03/02/2022,SystemTotal,38733.9404296875
2022-03-02 15:00:00,03/02/2022,SystemTotal,38405.49975585938
2022-03-02 16:00:00,03/02/2022,SystemTotal,38627.58935546874
2022-03-02 17:00:00,03/02/2022,SystemTotal,39134.48046875
2022-03-02 18:00:00,03/02/2022,SystemTotal,40851.77026367188
2022-03-02 19:00:00,03/02/2022,SystemTotal,41738.84997558594
2022-03-02 20:00:00,03/02/2022,SystemTotal,41330.17028808594
2022-03-02 21:00:00,03/02/2022,SystemTotal,40236.34924316407
2022-03-02 22:00:00,03/02/2022,SystemTotal,38737.65979003905
2022-03-02 23:00:00,03/02/2022,SystemTotal,37174.57031249999
2022-03-03 00:00:00,03/03/2022,SystemTotal,36665.28942871095
2022-03-03 01:00:00,03/03/2022,SystemTotal,36269.75915527344
2022-03-03 02:00:00,03/03/2022,SystemTotal,36402.63018798827
2022-03-03 03:00:00,03/03/2022,SystemTotal,36675.99035644531
2022-03-03 04:00:00,03/03/2022,SystemTotal,37645.77001953125
2022-03-03 05:00:00,03/03/2022,SystemTotal,40053.79956054688
2022-03-03 06:00:00,03/03/2022,SystemTotal,43818.13940429689
2022-03-03 07:00:00,03/03/2022,SystemTotal,45161.77990722657
2022-03-03 08:00:00,03/03/2022,SystemTotal,44386.72045898437
2022-03-03 09:00:00,03/03/2022,SystemTotal,43385.85949707032
2022-03-03 10:00:00,03/03/2022,SystemTotal,42495.47949218749
2022-03-03 11:00:00,03/03/2022,SystemTotal,41675.79028320314
2022-03-03 12:00:00,03/03/2022,SystemTotal,40946.54003906251
2022-03-03 13:00:00,03/03/2022,SystemTotal,40571.8408203125
2022-03-03 14:00:00,03/03/2022,SystemTotal,40220.60986328125
2022-03-03 15:00:00,03/03/2022,SystemTotal,40024.88012695314
2022-03-03 16:00:00,03/03/2022,SystemTotal,40171.82092285156
2022-03-03 17:00:00,03/03/2022,SystemTotal,40456.48022460937
2022-03-03 18:00:00,03/03/2022,SystemTotal,41538.91979980469
2022-03-03 19:00:00,03/03/2022,SystemTotal,42115.00952148438
2022-03-03 20:00:00,03/03/2022,SystemTotal,41453.99975585938
2022-03-03 21:00:00,03/03/2022,SystemTotal,40276.52990722658
2022-03-03 22:00:00,03/03/2022,SystemTotal,38412.70007324218
2022-03-03 23:00:00,03/03/2022,SystemTotal,36364.80969238282
