datetime,DELIVERY_DATE,type,value
2022-02-22 20:00:00,02/22/2022,ACTUAL_SYSTEM_WIDE,0.57
2022-02-22 21:00:00,02/22/2022,ACTUAL_SYSTEM_WIDE,0.58
2022-02-22 22:00:00,02/22/2022,ACTUAL_SYSTEM_WIDE,0.58
2022-02-22 23:00:00,02/22/2022,ACTUAL_SYSTEM_WIDE,0.58
2022-02-23 00:00:00,02/23/2022,ACTUAL_SYSTEM_WIDE,0.58
2022-02-23 01:00:00,02/23/2022,ACTUAL_SYSTEM_WIDE,0.58
2022-02-23 02:00:00,02/23/2022,ACTUAL_SYSTEM_WIDE,0.57
2022-02-23 03:00:00,02/23/2022,ACTUAL_SYSTEM_WIDE,0.57
2022-02-23 04:00:00,02/23/2022,ACTUAL_SYSTEM_WIDE,0.57
2022-02-23 05:00:00,02/23/2022,ACTUAL_SYSTEM_WIDE,0.57
2022-02-23 06:00:00,02/23/2022,ACTUAL_SYSTEM_WIDE,0.57
2022-02-23 07:00:00,02/23/2022,ACTUAL_SYSTEM_WIDE,52.36
2022-02-23 08:00:00,02/23/2022,ACTUAL_SYSTEM_WIDE,559.89
2022-02-23 09:00:00,02/23/2022,ACTUAL_SYSTEM_WIDE,1392.79
2022-02-23 10:00:00,02/23/2022,ACTUAL_SYSTEM_WIDE,2598.04
2022-02-23 11:00:00,02/23/2022,ACTUAL_SYSTEM_WIDE,3603.87
2022-02-23 12:00:00,02/23/2022,ACTUAL_SYSTEM_WIDE,4083.14
2022-02-23 13:00:00,02/23/2022,ACTUAL_SYSTEM_WIDE,4389.79
2022-02-23 14:00:00,02/23/2022,ACTUAL_SYSTEM_WIDE,4403.55
2022-02-23 15:00:00,02/23/2022,ACTUAL_SYSTEM_WIDE,4238.71
2022-02-23 16:00:00,02/23/2022,ACTUAL_SYSTEM_WIDE,3443.12
2022-02-23 17:00:00,02/23/2022,ACTUAL_SYSTEM_WIDE,1979.14
2022-02-23 18:00:00,02/23/2022,ACTUAL_SYSTEM_WIDE,226.28
2022-02-23 19:00:00,02/23/2022,ACTUAL_SYSTEM_WIDE,0.28
2022-02-23 20:00:00,02/23/2022,ACTUAL_SYSTEM_WIDE,0.3
2022-02-23 21:00:00,02/23/2022,ACTUAL_SYSTEM_WIDE,0.34
2022-02-23 22:00:00,02/23/2022,ACTUAL_SYSTEM_WIDE,0.4
2022-02-23 23:00:00,02/23/2022,ACTUAL_SYSTEM_WIDE,0.38
2022-02-24 00:00:00,02/24/2022,ACTUAL_SYSTEM_WIDE,0.37
2022-02-24 01:00:00,02/24/2022,ACTUAL_SYSTEM_WIDE,0.38
2022-02-24 02:00:00,02/24/2022,ACTUAL_SYSTEM_WIDE,0.38
2022-02-24 03:00:00,02/24/2022,ACTUAL_SYSTEM_WIDE,0.38
2022-02-24 04:00:00,02/24/2022,ACTUAL_SYSTEM_WIDE,0.38
2022-02-24 05:00:00,02/24/2022,ACTUAL_SYSTEM_WIDE,0.39
2022-02-24 06:00:00,02/24/2022,ACTUAL_SYSTEM_WIDE,0.38
2022-02-24 07:00:00,02/24/2022,ACTUAL_SYSTEM_WIDE,33.99
2022-02-24 08:00:00,02/24/2022,ACTUAL_SYSTEM_WIDE,401.99
2022-02-24 09:00:00,02/24/2022,ACTUAL_SYSTEM_WIDE,1212.49
2022-02-24 10:00:00,02/24/2022,ACTUAL_SYSTEM_WIDE,2176.43
2022-02-24 11:00:00,02/24/2022,ACTUAL_SYSTEM_WIDE,3771.34
2022-02-24 12:00:00,02/24/2022,ACTUAL_SYSTEM_WIDE,5304.31
2022-02-24 13:00:00,02/24/2022,ACTUAL_SYSTEM_WIDE,5714.06
2022-02-24 14:00:00,02/24/2022,ACTUAL_SYSTEM_WIDE,5757.91
2022-02-24 15:00:00,02/24/2022,ACTUAL_SYSTEM_WIDE,5710.03
2022-02-24 16:00:00,02/24/2022,ACTUAL_SYSTEM_WIDE,5641.07
2022-02-24 17:00:00,02/24/2022,ACTUAL_SYSTEM_WIDE,3274.65
2022-02-24 18:00:00,02/24/2022,ACTUAL_SYSTEM_WIDE,294.48
2022-02-24 19:00:00,02/24/2022,ACTUAL_SYSTEM_WIDE,0.32
2022-02-24 20:00:00,02/24/2022,ACTUAL_SYSTEM_WIDE,
2022-02-24 21:00:00,02/24/2022,ACTUAL_SYSTEM_WIDE,
2022-02-24 22:00:00,02/24/2022,ACTUAL_SYSTEM_WIDE,
2022-02-24 23:00:00,02/24/2022,ACTUAL_SYSTEM_WIDE,
2022-02-25 00:00:00,02/25/2022,ACTUAL_SYSTEM_WIDE,
2022-02-25 01:00:00,02/25/2022,ACTUAL_SYSTEM_WIDE,
2022-02-25 02:00:00,02/25/2022,ACTUAL_SYSTEM_WIDE,
2022-02-25 03:00:00,02/25/2022,ACTUAL_SYSTEM_WIDE,
2022-02-25 04:00:00,02/25/2022,ACTUAL_SYSTEM_WIDE,
2022-02-25 05:00:00,02/25/2022,ACTUAL_SYSTEM_WIDE,
2022-02-25 06:00:00,02/25/2022,ACTUAL_SYSTEM_WIDE,
2022-02-25 07:00:00,02/25/2022,ACTUAL_SYSTEM_WIDE,
2022-02-25 08:00:00,02/25/2022,ACTUAL_SYSTEM_WIDE,
2022-02-25 09:00:00,02/25/2022,ACTUAL_SYSTEM_WIDE,
2022-02-25 10:00:00,02/25/2022,ACTUAL_SYSTEM_WIDE,
2022-02-25 11:00:00,02/25/2022,ACTUAL_SYSTEM_WIDE,
2022-02-25 12:00:00,02/25/2022,ACTUAL_SYSTEM_WIDE,
2022-02-25 13:00:00,02/25/2022,ACTUAL_SYSTEM_WIDE,
2022-02-25 14:00:00,02/25/2022,ACTUAL_SYSTEM_WIDE,
2022-02-25 15:00:00,02/25/2022,ACTUAL_SYSTEM_WIDE,
2022-02-25 16:00:00,02/25/2022,ACTUAL_SYSTEM_WIDE,
2022-02-25 17:00:00,02/25/2022,ACTUAL_SYSTEM_WIDE,
2022-02-25 18:00:00,02/25/2022,ACTUAL_SYSTEM_WIDE,
2022-02-25 19:00:00,02/25/2022,ACTUAL_SYSTEM_WIDE,
2022-02-25 20:00:00,02/25/2022,ACTUAL_SYSTEM_WIDE,
2022-02-25 21:00:00,02/25/2022,ACTUAL_SYSTEM_WIDE,
2022-02-25 22:00:00,02/25/2022,ACTUAL_SYSTEM_WIDE,
2022-02-25 23:00:00,02/25/2022,ACTUAL_SYSTEM_WIDE,
2022-02-26 00:00:00,02/26/2022,ACTUAL_SYSTEM_WIDE,
2022-02-26 01:00:00,02/26/2022,ACTUAL_SYSTEM_WIDE,
2022-02-26 02:00:00,02/26/2022,ACTUAL_SYSTEM_WIDE,
2022-02-26 03:00:00,02/26/2022,ACTUAL_SYSTEM_WIDE,
2022-02-26 04:00:00,02/26/2022,ACTUAL_SYSTEM_WIDE,
2022-02-26 05:00:00,02/26/2022,ACTUAL_SYSTEM_WIDE,
2022-02-26 06:00:00,02/26/2022,ACTUAL_SYSTEM_WIDE,
2022-02-26 07:00:00,02/26/2022,ACTUAL_SYSTEM_WIDE,
2022-02-26 08:00:00,02/26/2022,ACTUAL_SYSTEM_WIDE,
2022-02-26 09:00:00,02/26/2022,ACTUAL_SYSTEM_WIDE,
2022-02-26 10:00:00,02/26/2022,ACTUAL_SYSTEM_WIDE,
2022-02-26 11:00:00,02/26/2022,ACTUAL_SYSTEM_WIDE,
2022-02-26 12:00:00,02/26/2022,ACTUAL_SYSTEM_WIDE,
2022-02-26 13:00:00,02/26/2022,ACTUAL_SYSTEM_WIDE,
2022-02-26 14:00:00,02/26/2022,ACTUAL_SYSTEM_WIDE,
2022-02-26 15:00:00,02/26/2022,ACTUAL_SYSTEM_WIDE,
2022-02-26 16:00:00,02/26/2022,ACTUAL_SYSTEM_WIDE,
2022-02-26 17:00:00,02/26/2022,ACTUAL_SYSTEM_WIDE,
2022-02-26 18:00:00,02/26/2022,ACTUAL_SYSTEM_WIDE,
2022-02-26 19:00:00,02/26/2022,ACTUAL_SYSTEM_WIDE,
2022-02-26 20:00:00,02/26/2022,ACTUAL_SYSTEM_WIDE,
2022-02-26 21:00:00,02/26/2022,ACTUAL_SYSTEM_WIDE,
2022-02-26 22:00:00,02/26/2022,ACTUAL_SYSTEM_WIDE,
2022-02-26 23:00:00,02/26/2022,ACTUAL_SYSTEM_WIDE,
2022-02-27 00:00:00,02/27/2022,ACTUAL_SYSTEM_WIDE,
2022-02-27 01:00:00,02/27/2022,ACTUAL_SYSTEM_WIDE,
2022-02-27 02:00:00,02/27/2022,ACTUAL_SYSTEM_WIDE,
2022-02-27 03:00:00,02/27/2022,ACTUAL_SYSTEM_WIDE,
2022-02-27 04:00:00,02/27/2022,ACTUAL_SYSTEM_WIDE,
2022-02-27 05:00:00,02/27/2022,ACTUAL_SYSTEM_WIDE,
2022-02-27 06:00:00,02/27/2022,ACTUAL_SYSTEM_WIDE,
2022-02-27 07:00:00,02/27/2022,ACTUAL_SYSTEM_WIDE,
2022-02-27 08:00:00,02/27/2022,ACTUAL_SYSTEM_WIDE,
2022-02-27 09:00:00,02/27/2022,ACTUAL_SYSTEM_WIDE,
2022-02-27 10:00:00,02/27/2022,ACTUAL_SYSTEM_WIDE,
2022-02-27 11:00:00,02/27/2022,ACTUAL_SYSTEM_WIDE,
2022-02-27 12:00:00,02/27/2022,ACTUAL_SYSTEM_WIDE,
2022-02-27 13:00:00,02/27/2022,ACTUAL_SYSTEM_WIDE,
2022-02-27 14:00:00,02/27/2022,ACTUAL_SYSTEM_WIDE,
2022-02-27 15:00:00,02/27/2022,ACTUAL_SYSTEM_WIDE,
2022-02-27 16:00:00,02/27/2022,ACTUAL_SYSTEM_WIDE,
2022-02-27 17:00:00,02/27/2022,ACTUAL_SYSTEM_WIDE,
2022-02-27 18:00:00,02/27/2022,ACTUAL_SYSTEM_WIDE,
2022-02-27 19:00:00,02/27/2022,ACTUAL_SYSTEM_WIDE,
2022-02-27 20:00:00,02/27/2022,ACTUAL_SYSTEM_WIDE,
2022-02-27 21:00:00,02/27/2022,ACTUAL_SYSTEM_WIDE,
2022-02-27 22:00:00,02/27/2022,ACTUAL_SYSTEM_WIDE,
2022-02-27 23:00:00,02/27/2022,ACTUAL_SYSTEM_WIDE,
2022-02-28 00:00:00,02/28/2022,ACTUAL_SYSTEM_WIDE,
2022-02-28 01:00:00,02/28/2022,ACTUAL_SYSTEM_WIDE,
2022-02-28 02:00:00,02/28/2022,ACTUAL_SYSTEM_WIDE,
2022-02-28 03:00:00,02/28/2022,ACTUAL_SYSTEM_WIDE,
2022-02-28 04:00:00,02/28/2022,ACTUAL_SYSTEM_WIDE,
2022-02-28 05:00:00,02/28/2022,ACTUAL_SYSTEM_WIDE,
2022-02-28 06:00:00,02/28/2022,ACTUAL_SYSTEM_WIDE,
2022-02-28 07:00:00,02/28/2022,ACTUAL_SYSTEM_WIDE,
2022-02-28 08:00:00,02/28/2022,ACTUAL_SYSTEM_WIDE,
2022-02-28 09:00:00,02/28/2022,ACTUAL_SYSTEM_WIDE,
2022-02-28 10:00:00,02/28/2022,ACTUAL_SYSTEM_WIDE,
2022-02-28 11:00:00,02/28/2022,ACTUAL_SYSTEM_WIDE,
2022-02-28 12:00:00,02/28/2022,ACTUAL_SYSTEM_WIDE,
2022-02-28 13:00:00,02/28/2022,ACTUAL_SYSTEM_WIDE,
2022-02-28 14:00:00,02/28/2022,ACTUAL_SYSTEM_WIDE,
2022-02-28 15:00:00,02/28/2022,ACTUAL_SYSTEM_WIDE,
2022-02-28 16:00:00,02/28/2022,ACTUAL_SYSTEM_WIDE,
2022-02-28 17:00:00,02/28/2022,ACTUAL_SYSTEM_WIDE,
2022-02-28 18:00:00,02/28/2022,ACTUAL_SYSTEM_WIDE,
2022-02-28 19:00:00,02/28/2022,ACTUAL_SYSTEM_WIDE,
2022-02-28 20:00:00,02/28/2022,ACTUAL_SYSTEM_WIDE,
2022-02-28 21:00:00,02/28/2022,ACTUAL_SYSTEM_WIDE,
2022-02-28 22:00:00,02/28/2022,ACTUAL_SYSTEM_WIDE,
2022-02-28 23:00:00,02/28/2022,ACTUAL_SYSTEM_WIDE,
2022-03-01 00:00:00,03/01/2022,ACTUAL_SYSTEM_WIDE,
2022-03-01 01:00:00,03/01/2022,ACTUAL_SYSTEM_WIDE,
2022-03-01 02:00:00,03/01/2022,ACTUAL_SYSTEM_WIDE,
2022-03-01 03:00:00,03/01/2022,ACTUAL_SYSTEM_WIDE,
2022-03-01 04:00:00,03/01/2022,ACTUAL_SYSTEM_WIDE,
2022-03-01 05:00:00,03/01/2022,ACTUAL_SYSTEM_WIDE,
2022-03-01 06:00:00,03/01/2022,ACTUAL_SYSTEM_WIDE,
2022-03-01 07:00:00,03/01/2022,ACTUAL_SYSTEM_WIDE,
2022-03-01 08:00:00,03/01/2022,ACTUAL_SYSTEM_WIDE,
2022-03-01 09:00:00,03/01/2022,ACTUAL_SYSTEM_WIDE,
2022-03-01 10:00:00,03/01/2022,ACTUAL_SYSTEM_WIDE,
2022-03-01 11:00:00,03/01/2022,ACTUAL_SYSTEM_WIDE,
2022-03-01 12:00:00,03/01/2022,ACTUAL_SYSTEM_WIDE,
2022-03-01 13:00:00,03/01/2022,ACTUAL_SYSTEM_WIDE,
2022-03-01 14:00:00,03/01/2022,ACTUAL_SYSTEM_WIDE,
2022-03-01 15:00:00,03/01/2022,ACTUAL_SYSTEM_WIDE,
2022-03-01 16:00:00,03/01/2022,ACTUAL_SYSTEM_WIDE,
2022-03-01 17:00:00,03/01/2022,ACTUAL_SYSTEM_WIDE,
2022-03-01 18:00:00,03/01/2022,ACTUAL_SYSTEM_WIDE,
2022-03-01 19:00:00,03/01/2022,ACTUAL_SYSTEM_WIDE,
2022-03-01 20:00:00,03/01/2022,ACTUAL_SYSTEM_WIDE,
2022-03-01 21:00:00,03/01/2022,ACTUAL_SYSTEM_WIDE,
2022-03-01 22:00:00,03/01/2022,ACTUAL_SYSTEM_WIDE,
2022-03-01 23:00:00,03/01/2022,ACTUAL_SYSTEM_WIDE,
2022-03-02 00:00:00,03/02/2022,ACTUAL_SYSTEM_WIDE,
2022-03-02 01:00:00,03/02/2022,ACTUAL_SYSTEM_WIDE,
2022-03-02 02:00:00,03/02/2022,ACTUAL_SYSTEM_WIDE,
2022-03-02 03:00:00,03/02/2022,ACTUAL_SYSTEM_WIDE,
2022-03-02 04:00:00,03/02/2022,ACTUAL_SYSTEM_WIDE,
2022-03-02 05:00:00,03/02/2022,ACTUAL_SYSTEM_WIDE,
2022-03-02 06:00:00,03/02/2022,ACTUAL_SYSTEM_WIDE,
2022-03-02 07:00:00,03/02/2022,ACTUAL_SYSTEM_WIDE,
2022-03-02 08:00:00,03/02/2022,ACTUAL_SYSTEM_WIDE,
2022-03-02 09:00:00,03/02/2022,ACTUAL_SYSTEM_WIDE,
2022-03-02 10:00:00,03/02/2022,ACTUAL_SYSTEM_WIDE,
2022-03-02 11:00:00,03/02/2022,ACTUAL_SYSTEM_WIDE,
2022-03-02 12:00:00,03/02/2022,ACTUAL_SYSTEM_WIDE,
2022-03-02 13:00:00,03/02/2022,ACTUAL_SYSTEM_WIDE,
2022-03-02 14:00:00,03/02/2022,ACTUAL_SYSTEM_WIDE,
2022-03-02 15:00:00,03/02/2022,ACTUAL_SYSTEM_WIDE,
2022-03-02 16:00:00,03/02/2022,ACTUAL_SYSTEM_WIDE,
2022-03-02 17:00:00,03/02/2022,ACTUAL_SYSTEM_WIDE,
2022-03-02 18:00:00,03/02/2022,ACTUAL_SYSTEM_WIDE,
2022-03-02 19:00:00,03/02/2022,ACTUAL_SYSTEM_WIDE,
2022-03-02 20:00:00,03/02/2022,ACTUAL_SYSTEM_WIDE,
2022-03-02 21:00:00,03/02/2022,ACTUAL_SYSTEM_WIDE,
2022-03-02 22:00:00,03/02/2022,ACTUAL_SYSTEM_WIDE,
2022-03-02 23:00:00,03/02/2022,ACTUAL_SYSTEM_WIDE,
2022-03-03 00:00:00,03/03/2022,ACTUAL_SYSTEM_WIDE,
2022-03-03 01:00:00,03/03/2022,ACTUAL_SYSTEM_WIDE,
2022-03-03 02:00:00,03/03/2022,ACTUAL_SYSTEM_WIDE,
2022-03-03 03:00:00,03/03/2022,ACTUAL_SYSTEM_WIDE,
2022-03-03 04:00:00,03/03/2022,ACTUAL_SYSTEM_WIDE,
2022-03-03 05:00:00,03/03/2022,ACTUAL_SYSTEM_WIDE,
2022-03-03 06:00:00,03/03/2022,ACTUAL_SYSTEM_WIDE,
2022-03-03 07:00:00,03/03/2022,ACTUAL_SYSTEM_WIDE,
2022-03-03 08:00:00,03/03/2022,ACTUAL_SYSTEM_WIDE,
2022-03-03 09:00:00,03/03/2022,ACTUAL_SYSTEM_WIDE,
2022-03-03 10:00:00,03/03/2022,ACTUAL_SYSTEM_WIDE,
2022-03-03 11:00:00,03/03/2022,ACTUAL_SYSTEM_WIDE,
2022-03-03 12:00:00,03/03/2022,ACTUAL_SYSTEM_WIDE,
2022-03-03 13:00:00,03/03/2022,ACTUAL_SYSTEM_WIDE,
2022-03-03 14:00:00,03/03/2022,ACTUAL_SYSTEM_WIDE,
2022-03-03 15:00:00,03/03/2022,ACTUAL_SYSTEM_WIDE,
2022-03-03 16:00:00,03/03/2022,ACTUAL_SYSTEM_WIDE,
2022-03-03 17:00:00,03/03/2022,ACTUAL_SYSTEM_WIDE,
2022-03-03 18:00:00,03/03/2022,ACTUAL_SYSTEM_WIDE,
2022-03-03 19:00:00,03/03/2022,ACTUAL_SYSTEM_WIDE,
2022-02-22 20:00:00,02/22/2022,COP_HSL_SYSTEM_WIDE,0.0
2022-02-22 21:00:00,02/22/2022,COP_HSL_SYSTEM_WIDE,0.0
2022-02-22 22:00:00,02/22/2022,COP_HSL_SYSTEM_WIDE,0.0
2022-02-22 23:00:00,02/22/2022,COP_HSL_SYSTEM_WIDE,0.0
2022-02-23 00:00:00,02/23/2022,COP_HSL_SYSTEM_WIDE,0.0
2022-02-23 01:00:00,02/23/2022,COP_HSL_SYSTEM_WIDE,0.0
2022-02-23 02:00:00,02/23/2022,COP_HSL_SYSTEM_WIDE,0.0
2022-02-23 03:00:00,02/23/2022,COP_HSL_SYSTEM_WIDE,0.0
2022-02-23 04:00:00,02/23/2022,COP_HSL_SYSTEM_WIDE,0.0
2022-02-23 05:00:00,02/23/2022,COP_HSL_SYSTEM_WIDE,0.0
2022-02-23 06:00:00,02/23/2022,COP_HSL_SYSTEM_WIDE,0.0
2022-02-23 07:00:00,02/23/2022,COP_HSL_SYSTEM_WIDE,54.1
2022-02-23 08:00:00,02/23/2022,COP_HSL_SYSTEM_WIDE,489.2
2022-02-23 09:00:00,02/23/2022,COP_HSL_SYSTEM_WIDE,1315.1
2022-02-23 10:00:00,02/23/2022,COP_HSL_SYSTEM_WIDE,1949.7
2022-02-23 11:00:00,02/23/2022,COP_HSL_SYSTEM_WIDE,2678.1
2022-02-23 12:00:00,02/23/2022,COP_HSL_SYSTEM_WIDE,3310.9
2022-02-23 13:00:00,02/23/2022,COP_HSL_SYSTEM_WIDE,3725.1
2022-02-23 14:00:00,02/23/2022,COP_HSL_SYSTEM_WIDE,3932.9
2022-02-23 15:00:00,02/23/2022,COP_HSL_SYSTEM_WIDE,3677.8
2022-02-23 16:00:00,02/23/2022,COP_HSL_SYSTEM_WIDE,3383.1
2022-02-23 17:00:00,02/23/2022,COP_HSL_SYSTEM_WIDE,1672.2
2022-02-23 18:00:00,02/23/2022,COP_HSL_SYSTEM_WIDE,197.7
2022-02-23 19:00:00,02/23/2022,COP_HSL_SYSTEM_WIDE,0.0
2022-02-23 20:00:00,02/23/2022,COP_HSL_SYSTEM_WIDE,0.0
2022-02-23 21:00:00,02/23/2022,COP_HSL_SYSTEM_WIDE,0.0
2022-02-23 22:00:00,02/23/2022,COP_HSL_SYSTEM_WIDE,0.0
2022-02-23 23:00:00,02/23/2022,COP_HSL_SYSTEM_WIDE,0.0
2022-02-24 00:00:00,02/24/2022,COP_HSL_SYSTEM_WIDE,0.0
2022-02-24 01:00:00,02/24/2022,COP_HSL_SYSTEM_WIDE,0.0
2022-02-24 02:00:00,02/24/2022,COP_HSL_SYSTEM_WIDE,0.0
2022-02-24 03:00:00,02/24/2022,COP_HSL_SYSTEM_WIDE,0.0
2022-02-24 04:00:00,02/24/2022,COP_HSL_SYSTEM_WIDE,0.0
2022-02-24 05:00:00,02/24/2022,COP_HSL_SYSTEM_WIDE,0.0
2022-02-24 06:00:00,02/24/2022,COP_HSL_SYSTEM_WIDE,0.1
2022-02-24 07:00:00,02/24/2022,COP_HSL_SYSTEM_WIDE,113.5
2022-02-24 08:00:00,02/24/2022,COP_HSL_SYSTEM_WIDE,1090.3
2022-02-24 09:00:00,02/24/2022,COP_HSL_SYSTEM_WIDE,3148.6
2022-02-24 10:00:00,02/24/2022,COP_HSL_SYSTEM_WIDE,4149.6
2022-02-24 11:00:00,02/24/2022,COP_HSL_SYSTEM_WIDE,4929.4
2022-02-24 12:00:00,02/24/2022,COP_HSL_SYSTEM_WIDE,5078.4
2022-02-24 13:00:00,02/24/2022,COP_HSL_SYSTEM_WIDE,5056.1
2022-02-24 14:00:00,02/24/2022,COP_HSL_SYSTEM_WIDE,5014.0
2022-02-24 15:00:00,02/24/2022,COP_HSL_SYSTEM_WIDE,5349.9
2022-02-24 16:00:00,02/24/2022,COP_HSL_SYSTEM_WIDE,5187.7
2022-02-24 17:00:00,02/24/2022,COP_HSL_SYSTEM_WIDE,2777.4
2022-02-24 18:00:00,02/24/2022,COP_HSL_SYSTEM_WIDE,243.7
2022-02-24 19:00:00,02/24/2022,COP_HSL_SYSTEM_WIDE,0.0
2022-02-24 20:00:00,02/24/2022,COP_HSL_SYSTEM_WIDE,0.0
2022-02-24 21:00:00,02/24/2022,COP_HSL_SYSTEM_WIDE,0.0
2022-02-24 22:00:00,02/24/2022,COP_HSL_SYSTEM_WIDE,0.0
2022-02-24 23:00:00,02/24/2022,COP_HSL_SYSTEM_WIDE,0.0
2022-02-25 00:00:00,02/25/2022,COP_HSL_SYSTEM_WIDE,0.0
2022-02-25 01:00:00,02/25/2022,COP_HSL_SYSTEM_WIDE,0.0
2022-02-25 02:00:00,02/25/2022,COP_HSL_SYSTEM_WIDE,0.0
2022-02-25 03:00:00,02/25/2022,COP_HSL_SYSTEM_WIDE,0.0
2022-02-25 04:00:00,02/25/2022,COP_HSL_SYSTEM_WIDE,0.0
2022-02-25 05:00:00,02/25/2022,COP_HSL_SYSTEM_WIDE,0.0
2022-02-25 06:00:00,02/25/2022,COP_HSL_SYSTEM_WIDE,0.0
2022-02-25 07:00:00,02/25/2022,COP_HSL_SYSTEM_WIDE,320.2
2022-02-25 08:00:00,02/25/2022,COP_HSL_SYSTEM_WIDE,2452.1
2022-02-25 09:00:00,02/25/2022,COP_HSL_SYSTEM_WIDE,5010.0
2022-02-25 10:00:00,02/25/2022,COP_HSL_SYSTEM_WIDE,5948.5
2022-02-25 11:00:00,02/25/2022,COP_HSL_SYSTEM_WIDE,6262.0
2022-02-25 12:00:00,02/25/2022,COP_HSL_SYSTEM_WIDE,5993.7
2022-02-25 13:00:00,02/25/2022,COP_HSL_SYSTEM_WIDE,6014.1
2022-02-25 14:00:00,02/25/2022,COP_HSL_SYSTEM_WIDE,5804.8
2022-02-25 15:00:00,02/25/2022,COP_HSL_SYSTEM_WIDE,4775.4
2022-02-25 16:00:00,02/25/2022,COP_HSL_SYSTEM_WIDE,3944.6
2022-02-25 17:00:00,02/25/2022,COP_HSL_SYSTEM_WIDE,1892.0
2022-02-25 18:00:00,02/25/2022,COP_HSL_SYSTEM_WIDE,130.1
2022-02-25 19:00:00,02/25/2022,COP_HSL_SYSTEM_WIDE,0.0
2022-02-25 20:00:00,02/25/2022,COP_HSL_SYSTEM_WIDE,0.0
2022-02-25 21:00:00,02/25/2022,COP_HSL_SYSTEM_WIDE,0.0
2022-02-25 22:00:00,02/25/2022,COP_HSL_SYSTEM_WIDE,0.0
2022-02-25 23:00:00,02/25/2022,COP_HSL_SYSTEM_WIDE,0.0
2022-02-26 00:00:00,02/26/2022,COP_HSL_SYSTEM_WIDE,0.0
2022-02-26 01:00:00,02/26/2022,COP_HSL_SYSTEM_WIDE,0.0
2022-02-26 02:00:00,02/26/2022,COP_HSL_SYSTEM_WIDE,0.0
2022-02-26 03:00:00,02/26/2022,COP_HSL_SYSTEM_WIDE,0.0
2022-02-26 04:00:00,02/26/2022,COP_HSL_SYSTEM_WIDE,0.0
2022-02-26 05:00:00,02/26/2022,COP_HSL_SYSTEM_WIDE,0.0
2022-02-26 06:00:00,02/26/2022,COP_HSL_SYSTEM_WIDE,0.0
2022-02-26 07:00:00,02/26/2022,COP_HSL_SYSTEM_WIDE,59.9
2022-02-26 08:00:00,02/26/2022,COP_HSL_SYSTEM_WIDE,853.6
2022-02-26 09:00:00,02/26/2022,COP_HSL_SYSTEM_WIDE,2244.3
2022-02-26 10:00:00,02/26/2022,COP_HSL_SYSTEM_WIDE,2926.3
2022-02-26 11:00:00,02/26/2022,COP_HSL_SYSTEM_WIDE,3426.9
2022-02-26 12:00:00,02/26/2022,COP_HSL_SYSTEM_WIDE,4105.1
2022-02-26 13:00:00,02/26/2022,COP_HSL_SYSTEM_WIDE,4063.3
2022-02-26 14:00:00,02/26/2022,COP_HSL_SYSTEM_WIDE,3932.7
2022-02-26 15:00:00,02/26/2022,COP_HSL_SYSTEM_WIDE,3920.3
2022-02-26 16:00:00,02/26/2022,COP_HSL_SYSTEM_WIDE,3528.3
2022-02-26 17:00:00,02/26/2022,COP_HSL_SYSTEM_WIDE,1999.1
2022-02-26 18:00:00,02/26/2022,COP_HSL_SYSTEM_WIDE,220.2
2022-02-26 19:00:00,02/26/2022,COP_HSL_SYSTEM_WIDE,0.0
2022-02-26 20:00:00,02/26/2022,COP_HSL_SYSTEM_WIDE,0.0
2022-02-26 21:00:00,02/26/2022,COP_HSL_SYSTEM_WIDE,0.0
2022-02-26 22:00:00,02/26/2022,COP_HSL_SYSTEM_WIDE,0.0
2022-02-26 23:00:00,02/26/2022,COP_HSL_SYSTEM_WIDE,0.0
2022-02-27 00:00:00,02/27/2022,COP_HSL_SYSTEM_WIDE,0.0
2022-02-27 01:00:00,02/27/2022,COP_HSL_SYSTEM_WIDE,0.0
2022-02-27 02:00:00,02/27/2022,COP_HSL_SYSTEM_WIDE,0.0
2022-02-27 03:00:00,02/27/2022,COP_HSL_SYSTEM_WIDE,0.0
2022-02-27 04:00:00,02/27/2022,COP_HSL_SYSTEM_WIDE,0.0
2022-02-27 05:00:00,02/27/2022,COP_HSL_SYSTEM_WIDE,0.0
2022-02-27 06:00:00,02/27/2022,COP_HSL_SYSTEM_WIDE,0.7
2022-02-27 07:00:00,02/27/2022,COP_HSL_SYSTEM_WIDE,473.1
2022-02-27 08:00:00,02/27/2022,COP_HSL_SYSTEM_WIDE,3071.9
2022-02-27 09:00:00,02/27/2022,COP_HSL_SYSTEM_WIDE,7093.7
2022-02-27 10:00:00,02/27/2022,COP_HSL_SYSTEM_WIDE,7285.7
2022-02-27 11:00:00,02/27/2022,COP_HSL_SYSTEM_WIDE,7393.9
2022-02-27 12:00:00,02/27/2022,COP_HSL_SYSTEM_WIDE,7531.8
2022-02-27 13:00:00,02/27/2022,COP_HSL_SYSTEM_WIDE,7583.8
2022-02-27 14:00:00,02/27/2022,COP_HSL_SYSTEM_WIDE,7646.1
2022-02-27 15:00:00,02/27/2022,COP_HSL_SYSTEM_WIDE,7792.0
2022-02-27 16:00:00,02/27/2022,COP_HSL_SYSTEM_WIDE,7391.7
2022-02-27 17:00:00,02/27/2022,COP_HSL_SYSTEM_WIDE,4005.1
2022-02-27 18:00:00,02/27/2022,COP_HSL_SYSTEM_WIDE,241.0
2022-02-27 19:00:00,02/27/2022,COP_HSL_SYSTEM_WIDE,0.0
2022-02-27 20:00:00,02/27/2022,COP_HSL_SYSTEM_WIDE,0.0
2022-02-27 21:00:00,02/27/2022,COP_HSL_SYSTEM_WIDE,0.0
2022-02-27 22:00:00,02/27/2022,COP_HSL_SYSTEM_WIDE,0.0
2022-02-27 23:00:00,02/27/2022,COP_HSL_SYSTEM_WIDE,0.0
2022-02-28 00:00:00,02/28/2022,COP_HSL_SYSTEM_WIDE,0.0
2022-02-28 01:00:00,02/28/2022,COP_HSL_SYSTEM_WIDE,0.0
2022-02-28 02:00:00,02/28/2022,COP_HSL_SYSTEM_WIDE,0.0
2022-02-28 03:00:00,02/28/2022,COP_HSL_SYSTEM_WIDE,0.0
2022-02-28 04:00:00,02/28/2022,COP_HSL_SYSTEM_WIDE,0.0
2022-02-28 05:00:00,02/28/2022,COP_HSL_SYSTEM_WIDE,0.0
2022-02-28 06:00:00,02/28/2022,COP_HSL_SYSTEM_WIDE,2.5
2022-02-28 07:00:00,02/28/2022,COP_HSL_SYSTEM_WIDE,665.6
2022-02-28 08:00:00,02/28/2022,COP_HSL_SYSTEM_WIDE,3732.8
2022-02-28 09:00:00,02/28/2022,COP_HSL_SYSTEM_WIDE,6769.4
2022-02-28 10:00:00,02/28/2022,COP_HSL_SYSTEM_WIDE,7185.4
2022-02-28 11:00:00,02/28/2022,COP_HSL_SYSTEM_WIDE,7295.0
2022-02-28 12:00:00,02/28/2022,COP_HSL_SYSTEM_WIDE,6943.8
2022-02-28 13:00:00,02/28/2022,COP_HSL_SYSTEM_WIDE,6921.5
2022-02-28 14:00:00,02/28/2022,COP_HSL_SYSTEM_WIDE,6795.9
2022-02-28 15:00:00,02/28/2022,COP_HSL_SYSTEM_WIDE,5705.8
2022-02-28 16:00:00,02/28/2022,COP_HSL_SYSTEM_WIDE,4733.1
2022-02-28 17:00:00,02/28/2022,COP_HSL_SYSTEM_WIDE,2279.0
2022-02-28 18:00:00,02/28/2022,COP_HSL_SYSTEM_WIDE,193.5
2022-02-28 19:00:00,02/28/2022,COP_HSL_SYSTEM_WIDE,0.0
2022-02-28 20:00:00,02/28/2022,COP_HSL_SYSTEM_WIDE,0.0
2022-02-28 21:00:00,02/28/2022,COP_HSL_SYSTEM_WIDE,0.0
2022-02-28 22:00:00,02/28/2022,COP_HSL_SYSTEM_WIDE,0.0
2022-02-28 23:00:00,02/28/2022,COP_HSL_SYSTEM_WIDE,0.0
2022-03-01 00:00:00,03/01/2022,COP_HSL_SYSTEM_WIDE,0.0
2022-03-01 01:00:00,03/01/2022,COP_HSL_SYSTEM_WIDE,0.0
2022-03-01 02:00:00,03/01/2022,COP_HSL_SYSTEM_WIDE,0.0
2022-03-01 03:00:00,03/01/2022,COP_HSL_SYSTEM_WIDE,0.0
2022-03-01 04:00:00,03/01/2022,COP_HSL_SYSTEM_WIDE,0.0
2022-03-01 05:00:00,03/01/2022,COP_HSL_SYSTEM_WIDE,0.0
2022-03-01 06:00:00,03/01/2022,COP_HSL_SYSTEM_WIDE,2.7
2022-03-01 07:00:00,03/01/2022,COP_HSL_SYSTEM_WIDE,494.8
2022-03-01 08:00:00,03/01/2022,COP_HSL_SYSTEM_WIDE,2859.3
2022-03-01 09:00:00,03/01/2022,COP_HSL_SYSTEM_WIDE,5592.2
2022-03-01 10:00:00,03/01/2022,COP_HSL_SYSTEM_WIDE,6133.2
2022-03-01 11:00:00,03/01/2022,COP_HSL_SYSTEM_WIDE,6409.7
2022-03-01 12:00:00,03/01/2022,COP_HSL_SYSTEM_WIDE,6794.8
2022-03-01 13:00:00,03/01/2022,COP_HSL_SYSTEM_WIDE,6805.7
2022-03-01 14:00:00,03/01/2022,COP_HSL_SYSTEM_WIDE,6697.8
2022-03-01 15:00:00,03/01/2022,COP_HSL_SYSTEM_WIDE,6332.3
2022-03-01 16:00:00,03/01/2022,COP_HSL_SYSTEM_WIDE,5728.2
2022-03-01 17:00:00,03/01/2022,COP_HSL_SYSTEM_WIDE,2894.0
2022-03-01 18:00:00,03/01/2022,COP_HSL_SYSTEM_WIDE,204.1
2022-03-01 19:00:00,03/01/2022,COP_HSL_SYSTEM_WIDE,0.0
2022-03-01 20:00:00,03/01/2022,COP_HSL_SYSTEM_WIDE,0.0
2022-03-01 21:00:00,03/01/2022,COP_HSL_SYSTEM_WIDE,0.0
2022-03-01 22:00:00,03/01/2022,COP_HSL_SYSTEM_WIDE,0.0
2022-03-01 23:00:00,03/01/2022,COP_HSL_SYSTEM_WIDE,0.0
2022-03-02 00:00:00,03/02/2022,COP_HSL_SYSTEM_WIDE,0.0
2022-03-02 01:00:00,03/02/2022,COP_HSL_SYSTEM_WIDE,0.0
2022-03-02 02:00:00,03/02/2022,COP_HSL_SYSTEM_WIDE,0.0
2022-03-02 03:00:00,03/02/2022,COP_HSL_SYSTEM_WIDE,0.0
2022-03-02 04:00:00,03/02/2022,COP_HSL_SYSTEM_WIDE,0.0
2022-03-02 05:00:00,03/02/2022,COP_HSL_SYSTEM_WIDE,0.0
2022-03-02 06:00:00,03/02/2022,COP_HSL_SYSTEM_WIDE,3.7
2022-03-02 07:00:00,03/02/2022,COP_HSL_SYSTEM_WIDE,648.0
2022-03-02 08:00:00,03/02/2022,COP_HSL_SYSTEM_WIDE,3509.1
2022-03-02 09:00:00,03/02/2022,COP_HSL_SYSTEM_WIDE,5793.1
2022-03-02 10:00:00,03/02/2022,COP_HSL_SYSTEM_WIDE,6283.2
2022-03-02 11:00:00,03/02/2022,COP_HSL_SYSTEM_WIDE,6442.0
2022-03-02 12:00:00,03/02/2022,COP_HSL_SYSTEM_WIDE,6764.4
2022-03-02 13:00:00,03/02/2022,COP_HSL_SYSTEM_WIDE,6829.4
2022-03-02 14:00:00,03/02/2022,COP_HSL_SYSTEM_WIDE,6760.1
2022-03-02 15:00:00,03/02/2022,COP_HSL_SYSTEM_WIDE,6414.9
2022-03-02 16:00:00,03/02/2022,COP_HSL_SYSTEM_WIDE,5659.8
2022-03-02 17:00:00,03/02/2022,COP_HSL_SYSTEM_WIDE,2929.3
2022-03-02 18:00:00,03/02/2022,COP_HSL_SYSTEM_WIDE,320.0
2022-03-02 19:00:00,03/02/2022,COP_HSL_SYSTEM_WIDE,0.0
2022-03-02 20:00:00,03/02/2022,COP_HSL_SYSTEM_WIDE,0.0
2022-03-02 21:00:00,03/02/2022,COP_HSL_SYSTEM_WIDE,0.0
2022-03-02 22:00:00,03/02/2022,COP_HSL_SYSTEM_WIDE,0.0
2022-03-02 23:00:00,03/02/2022,COP_HSL_SYSTEM_WIDE,0.0
2022-03-03 00:00:00,03/03/2022,COP_HSL_SYSTEM_WIDE,0.0
2022-03-03 01:00:00,03/03/2022,COP_HSL_SYSTEM_WIDE,0.0
2022-03-03 02:00:00,03/03/2022,COP_HSL_SYSTEM_WIDE,0.0
2022-03-03 03:00:00,03/03/2022,COP_HSL_SYSTEM_WIDE,0.0
2022-03-03 04:00:00,03/03/2022,COP_HSL_SYSTEM_WIDE,0.0
2022-03-03 05:00:00,03/03/2022,COP_HSL_SYSTEM_WIDE,0.0
2022-03-03 06:00:00,03/03/2022,COP_HSL_SYSTEM_WIDE,3.3
2022-03-03 07:00:00,03/03/2022,COP_HSL_SYSTEM_WIDE,481.5
2022-03-03 08:00:00,03/03/2022,COP_HSL_SYSTEM_WIDE,2660.1
2022-03-03 09:00:00,03/03/2022,COP_HSL_SYSTEM_WIDE,4316.4
2022-03-03 10:00:00,03/03/2022,COP_HSL_SYSTEM_WIDE,4683.5
2022-03-03 11:00:00,03/03/2022,COP_HSL_SYSTEM_WIDE,4846.3
2022-03-03 12:00:00,03/03/2022,COP_HSL_SYSTEM_WIDE,4904.4
2022-03-03 13:00:00,03/03/2022,COP_HSL_SYSTEM_WIDE,4896.6
2022-03-03 14:00:00,03/03/2022,COP_HSL_SYSTEM_WIDE,4875.0
2022-03-03 15:00:00,03/03/2022,COP_HSL_SYSTEM_WIDE,4543.3
2022-03-03 16:00:00,03/03/2022,COP_HSL_SYSTEM_WIDE,4024.7
2022-03-03 17:00:00,03/03/2022,COP_HSL_SYSTEM_WIDE,2114.5
2022-03-03 18:00:00,03/03/2022,COP_HSL_SYSTEM_WIDE,241.6
2022-03-03 19:00:00,03/03/2022,COP_HSL_SYSTEM_WIDE,0.0
2022-02-22 20:00:00,02/22/2022,STPPF_SYSTEM_WIDE,0.0
2022-02-22 21:00:00,02/22/2022,STPPF_SYSTEM_WIDE,0.0
2022-02-22 22:00:00,02/22/2022,STPPF_SYSTEM_WIDE,0.0
2022-02-22 23:00:00,02/22/2022,STPPF_SYSTEM_WIDE,0.0
2022-02-23 00:00:00,02/23/2022,STPPF_SYSTEM_WIDE,0.0
2022-02-23 01:00:00,02/23/2022,STPPF_SYSTEM_WIDE,0.0
2022-02-23 02:00:00,02/23/2022,STPPF_SYSTEM_WIDE,0.0
2022-02-23 03:00:00,02/23/2022,STPPF_SYSTEM_WIDE,0.0
2022-02-23 04:00:00,02/23/2022,STPPF_SYSTEM_WIDE,0.0
2022-02-23 05:00:00,02/23/2022,STPPF_SYSTEM_WIDE,0.0
2022-02-23 06:00:00,02/23/2022,STPPF_SYSTEM_WIDE,0.0
2022-02-23 07:00:00,02/23/2022,STPPF_SYSTEM_WIDE,83.2
2022-02-23 08:00:00,02/23/2022,STPPF_SYSTEM_WIDE,573.7
2022-02-23 09:00:00,02/23/2022,STPPF_SYSTEM_WIDE,1430.4
2022-02-23 10:00:00,02/23/2022,STPPF_SYSTEM_WIDE,2038.7
2022-02-23 11:00:00,02/23/2022,STPPF_SYSTEM_WIDE,2981.8
2022-02-23 12:00:00,02/23/2022,STPPF_SYSTEM_WIDE,3961.3
2022-02-23 13:00:00,02/23/2022,STPPF_SYSTEM_WIDE,4305.2
2022-02-23 14:00:00,02/23/2022,STPPF_SYSTEM_WIDE,4537.7
2022-02-23 15:00:00,02/23/2022,STPPF_SYSTEM_WIDE,4396.4
2022-02-23 16:00:00,02/23/2022,STPPF_SYSTEM_WIDE,3570.0
2022-02-23 17:00:00,02/23/2022,STPPF_SYSTEM_WIDE,1786.5
2022-02-23 18:00:00,02/23/2022,STPPF_SYSTEM_WIDE,255.4
2022-02-23 19:00:00,02/23/2022,STPPF_SYSTEM_WIDE,0.0
2022-02-23 20:00:00,02/23/2022,STPPF_SYSTEM_WIDE,0.0
2022-02-23 21:00:00,02/23/2022,STPPF_SYSTEM_WIDE,0.0
2022-02-23 22:00:00,02/23/2022,STPPF_SYSTEM_WIDE,0.0
2022-02-23 23:00:00,02/23/2022,STPPF_SYSTEM_WIDE,0.0
2022-02-24 00:00:00,02/24/2022,STPPF_SYSTEM_WIDE,0.0
2022-02-24 01:00:00,02/24/2022,STPPF_SYSTEM_WIDE,0.0
2022-02-24 02:00:00,02/24/2022,STPPF_SYSTEM_WIDE,0.0
2022-02-24 03:00:00,02/24/2022,STPPF_SYSTEM_WIDE,0.0
2022-02-24 04:00:00,02/24/2022,STPPF_SYSTEM_WIDE,0.0
2022-02-24 05:00:00,02/24/2022,STPPF_SYSTEM_WIDE,0.0
2022-02-24 06:00:00,02/24/2022,STPPF_SYSTEM_WIDE,0.1
2022-02-24 07:00:00,02/24/2022,STPPF_SYSTEM_WIDE,152.5
2022-02-24 08:00:00,02/24/2022,STPPF_SYSTEM_WIDE,888.8
2022-02-24 09:00:00,02/24/2022,STPPF_SYSTEM_WIDE,2244.7
2022-02-24 10:00:00,02/24/2022,STPPF_SYSTEM_WIDE,2510.6
2022-02-24 11:00:00,02/24/2022,STPPF_SYSTEM_WIDE,3173.2
2022-02-24 12:00:00,02/24/2022,STPPF_SYSTEM_WIDE,4298.5
2022-02-24 13:00:00,02/24/2022,STPPF_SYSTEM_WIDE,5061.5
2022-02-24 14:00:00,02/24/2022,STPPF_SYSTEM_WIDE,5211.5
2022-02-24 15:00:00,02/24/2022,STPPF_SYSTEM_WIDE,5265.3
2022-02-24 16:00:00,02/24/2022,STPPF_SYSTEM_WIDE,4905.2
2022-02-24 17:00:00,02/24/2022,STPPF_SYSTEM_WIDE,2700.7
2022-02-24 18:00:00,02/24/2022,STPPF_SYSTEM_WIDE,320.5
2022-02-24 19:00:00,02/24/2022,STPPF_SYSTEM_WIDE,0.0
2022-02-24 20:00:00,02/24/2022,STPPF_SYSTEM_WIDE,0.0
2022-02-24 21:00:00,02/24/2022,STPPF_SYSTEM_WIDE,0.0
2022-02-24 22:00:00,02/24/2022,STPPF_SYSTEM_WIDE,0.0
2022-02-24 23:00:00,02/24/2022,STPPF_SYSTEM_WIDE,0.0
2022-02-25 00:00:00,02/25/2022,STPPF_SYSTEM_WIDE,0.0
2022-02-25 01:00:00,02/25/2022,STPPF_SYSTEM_WIDE,0.0
2022-02-25 02:00:00,02/25/2022,STPPF_SYSTEM_WIDE,0.0
2022-02-25 03:00:00,02/25/2022,STPPF_SYSTEM_WIDE,0.0
2022-02-25 04:00:00,02/25/2022,STPPF_SYSTEM_WIDE,0.0
2022-02-25 05:00:00,02/25/2022,STPPF_SYSTEM_WIDE,0.0
2022-02-25 06:00:00,02/25/2022,STPPF_SYSTEM_WIDE,0.0
2022-02-25 07:00:00,02/25/2022,STPPF_SYSTEM_WIDE,327.7
2022-02-25 08:00:00,02/25/2022,STPPF_SYSTEM_WIDE,2459.0
2022-02-25 09:00:00,02/25/2022,STPPF_SYSTEM_WIDE,5026.3
2022-02-25 10:00:00,02/25/2022,STPPF_SYSTEM_WIDE,5972.0
2022-02-25 11:00:00,02/25/2022,STPPF_SYSTEM_WIDE,6308.2
2022-02-25 12:00:00,02/25/2022,STPPF_SYSTEM_WIDE,6079.4
2022-02-25 13:00:00,02/25/2022,STPPF_SYSTEM_WIDE,6117.0
2022-02-25 14:00:00,02/25/2022,STPPF_SYSTEM_WIDE,5901.9
2022-02-25 15:00:00,02/25/2022,STPPF_SYSTEM_WIDE,4851.4
2022-02-25 16:00:00,02/25/2022,STPPF_SYSTEM_WIDE,4020.0
2022-02-25 17:00:00,02/25/2022,STPPF_SYSTEM_WIDE,1934.9
2022-02-25 18:00:00,02/25/2022,STPPF_SYSTEM_WIDE,198.3
2022-02-25 19:00:00,02/25/2022,STPPF_SYSTEM_WIDE,0.0
2022-02-25 20:00:00,02/25/2022,STPPF_SYSTEM_WIDE,0.0
2022-02-25 21:00:00,02/25/2022,STPPF_SYSTEM_WIDE,0.0
2022-02-25 22:00:00,02/25/2022,STPPF_SYSTEM_WIDE,0.0
2022-02-25 23:00:00,02/25/2022,STPPF_SYSTEM_WIDE,0.0
2022-02-26 00:00:00,02/26/2022,STPPF_SYSTEM_WIDE,0.0
2022-02-26 01:00:00,02/26/2022,STPPF_SYSTEM_WIDE,0.0
2022-02-26 02:00:00,02/26/2022,STPPF_SYSTEM_WIDE,0.0
2022-02-26 03:00:00,02/26/2022,STPPF_SYSTEM_WIDE,0.0
2022-02-26 04:00:00,02/26/2022,STPPF_SYSTEM_WIDE,0.0
2022-02-26 05:00:00,02/26/2022,STPPF_SYSTEM_WIDE,0.0
2022-02-26 06:00:00,02/26/2022,STPPF_SYSTEM_WIDE,0.0
2022-02-26 07:00:00,02/26/2022,STPPF_SYSTEM_WIDE,103.0
2022-02-26 08:00:00,02/26/2022,STPPF_SYSTEM_WIDE,923.8
2022-02-26 09:00:00,02/26/2022,STPPF_SYSTEM_WIDE,2438.3
2022-02-26 10:00:00,02/26/2022,STPPF_SYSTEM_WIDE,3147.7
2022-02-26 11:00:00,02/26/2022,STPPF_SYSTEM_WIDE,3694.4
2022-02-26 12:00:00,02/26/2022,STPPF_SYSTEM_WIDE,4522.9
2022-02-26 13:00:00,02/26/2022,STPPF_SYSTEM_WIDE,4498.4
2022-02-26 14:00:00,02/26/2022,STPPF_SYSTEM_WIDE,4368.9
2022-02-26 15:00:00,02/26/2022,STPPF_SYSTEM_WIDE,4383.0
2022-02-26 16:00:00,02/26/2022,STPPF_SYSTEM_WIDE,3938.1
2022-02-26 17:00:00,02/26/2022,STPPF_SYSTEM_WIDE,2244.0
2022-02-26 18:00:00,02/26/2022,STPPF_SYSTEM_WIDE,251.4
2022-02-26 19:00:00,02/26/2022,STPPF_SYSTEM_WIDE,0.0
2022-02-26 20:00:00,02/26/2022,STPPF_SYSTEM_WIDE,0.0
2022-02-26 21:00:00,02/26/2022,STPPF_SYSTEM_WIDE,0.0
2022-02-26 22:00:00,02/26/2022,STPPF_SYSTEM_WIDE,0.0
2022-02-26 23:00:00,02/26/2022,STPPF_SYSTEM_WIDE,0.0
2022-02-27 00:00:00,02/27/2022,STPPF_SYSTEM_WIDE,0.0
2022-02-27 01:00:00,02/27/2022,STPPF_SYSTEM_WIDE,0.0
2022-02-27 02:00:00,02/27/2022,STPPF_SYSTEM_WIDE,0.0
2022-02-27 03:00:00,02/27/2022,STPPF_SYSTEM_WIDE,0.0
2022-02-27 04:00:00,02/27/2022,STPPF_SYSTEM_WIDE,0.0
2022-02-27 05:00:00,02/27/2022,STPPF_SYSTEM_WIDE,0.0
2022-02-27 06:00:00,02/27/2022,STPPF_SYSTEM_WIDE,0.7
2022-02-27 07:00:00,02/27/2022,STPPF_SYSTEM_WIDE,498.3
2022-02-27 08:00:00,02/27/2022,STPPF_SYSTEM_WIDE,3273.2
2022-02-27 09:00:00,02/27/2022,STPPF_SYSTEM_WIDE,7589.3
2022-02-27 10:00:00,02/27/2022,STPPF_SYSTEM_WIDE,7932.2
2022-02-27 11:00:00,02/27/2022,STPPF_SYSTEM_WIDE,7910.0
2022-02-27 12:00:00,02/27/2022,STPPF_SYSTEM_WIDE,8105.6
2022-02-27 13:00:00,02/27/2022,STPPF_SYSTEM_WIDE,8092.2
2022-02-27 14:00:00,02/27/2022,STPPF_SYSTEM_WIDE,8167.6
2022-02-27 15:00:00,02/27/2022,STPPF_SYSTEM_WIDE,8312.4
2022-02-27 16:00:00,02/27/2022,STPPF_SYSTEM_WIDE,7899.9
2022-02-27 17:00:00,02/27/2022,STPPF_SYSTEM_WIDE,4302.7
2022-02-27 18:00:00,02/27/2022,STPPF_SYSTEM_WIDE,380.3
2022-02-27 19:00:00,02/27/2022,STPPF_SYSTEM_WIDE,0.0
2022-02-27 20:00:00,02/27/2022,STPPF_SYSTEM_WIDE,0.0
2022-02-27 21:00:00,02/27/2022,STPPF_SYSTEM_WIDE,0.0
2022-02-27 22:00:00,02/27/2022,STPPF_SYSTEM_WIDE,0.0
2022-02-27 23:00:00,02/27/2022,STPPF_SYSTEM_WIDE,0.0
2022-02-28 00:00:00,02/28/2022,STPPF_SYSTEM_WIDE,0.0
2022-02-28 01:00:00,02/28/2022,STPPF_SYSTEM_WIDE,0.0
2022-02-28 02:00:00,02/28/2022,STPPF_SYSTEM_WIDE,0.0
2022-02-28 03:00:00,02/28/2022,STPPF_SYSTEM_WIDE,0.0
2022-02-28 04:00:00,02/28/2022,STPPF_SYSTEM_WIDE,0.0
2022-02-28 05:00:00,02/28/2022,STPPF_SYSTEM_WIDE,0.0
2022-02-28 06:00:00,02/28/2022,STPPF_SYSTEM_WIDE,2.5
2022-02-28 07:00:00,02/28/2022,STPPF_SYSTEM_WIDE,677.6
2022-02-28 08:00:00,02/28/2022,STPPF_SYSTEM_WIDE,3880.2
2022-02-28 09:00:00,02/28/2022,STPPF_SYSTEM_WIDE,7211.7
2022-02-28 10:00:00,02/28/2022,STPPF_SYSTEM_WIDE,7673.6
2022-02-28 11:00:00,02/28/2022,STPPF_SYSTEM_WIDE,7814.3
2022-02-28 12:00:00,02/28/2022,STPPF_SYSTEM_WIDE,7426.0
2022-02-28 13:00:00,02/28/2022,STPPF_SYSTEM_WIDE,7402.2
2022-02-28 14:00:00,02/28/2022,STPPF_SYSTEM_WIDE,7279.2
2022-02-28 15:00:00,02/28/2022,STPPF_SYSTEM_WIDE,6044.2
2022-02-28 16:00:00,02/28/2022,STPPF_SYSTEM_WIDE,4994.4
2022-02-28 17:00:00,02/28/2022,STPPF_SYSTEM_WIDE,2397.0
2022-02-28 18:00:00,02/28/2022,STPPF_SYSTEM_WIDE,216.1
2022-02-28 19:00:00,02/28/2022,STPPF_SYSTEM_WIDE,0.0
2022-02-28 20:00:00,02/28/2022,STPPF_SYSTEM_WIDE,0.0
2022-02-28 21:00:00,02/28/2022,STPPF_SYSTEM_WIDE,0.0
2022-02-28 22:00:00,02/28/2022,STPPF_SYSTEM_WIDE,0.0
2022-02-28 23:00:00,02/28/2022,STPPF_SYSTEM_WIDE,0.0
2022-03-01 00:00:00,03/01/2022,STPPF_SYSTEM_WIDE,0.0
2022-03-01 01:00:00,03/01/2022,STPPF_SYSTEM_WIDE,0.0
2022-03-01 02:00:00,03/01/2022,STPPF_SYSTEM_WIDE,0.0
2022-03-01 03:00:00,03/01/2022,STPPF_SYSTEM_WIDE,0.0
2022-03-01 04:00:00,03/01/2022,STPPF_SYSTEM_WIDE,0.0
2022-03-01 05:00:00,03/01/2022,STPPF_SYSTEM_WIDE,0.0
2022-03-01 06:00:00,03/01/2022,STPPF_SYSTEM_WIDE,2.7
2022-03-01 07:00:00,03/01/2022,STPPF_SYSTEM_WIDE,519.6
2022-03-01 08:00:00,03/01/2022,STPPF_SYSTEM_WIDE,2989.9
2022-03-01 09:00:00,03/01/2022,STPPF_SYSTEM_WIDE,5943.3
2022-03-01 10:00:00,03/01/2022,STPPF_SYSTEM_WIDE,6612.2
2022-03-01 11:00:00,03/01/2022,STPPF_SYSTEM_WIDE,6899.1
2022-03-01 12:00:00,03/01/2022,STPPF_SYSTEM_WIDE,7341.3
2022-03-01 13:00:00,03/01/2022,STPPF_SYSTEM_WIDE,7291.3
2022-03-01 14:00:00,03/01/2022,STPPF_SYSTEM_WIDE,7172.7
2022-03-01 15:00:00,03/01/2022,STPPF_SYSTEM_WIDE,6777.9
2022-03-01 16:00:00,03/01/2022,STPPF_SYSTEM_WIDE,6089.1
2022-03-01 17:00:00,03/01/2022,STPPF_SYSTEM_WIDE,3104.0
2022-03-01 18:00:00,03/01/2022,STPPF_SYSTEM_WIDE,326.4
2022-03-01 19:00:00,03/01/2022,STPPF_SYSTEM_WIDE,0.0
2022-03-01 20:00:00,03/01/2022,STPPF_SYSTEM_WIDE,0.0
2022-03-01 21:00:00,03/01/2022,STPPF_SYSTEM_WIDE,0.0
2022-03-01 22:00:00,03/01/2022,STPPF_SYSTEM_WIDE,0.0
2022-03-01 23:00:00,03/01/2022,STPPF_SYSTEM_WIDE,0.0
2022-03-02 00:00:00,03/02/2022,STPPF_SYSTEM_WIDE,0.0
2022-03-02 01:00:00,03/02/2022,STPPF_SYSTEM_WIDE,0.0
2022-03-02 02:00:00,03/02/2022,STPPF_SYSTEM_WIDE,0.0
2022-03-02 03:00:00,03/02/2022,STPPF_SYSTEM_WIDE,0.0
2022-03-02 04:00:00,03/02/2022,STPPF_SYSTEM_WIDE,0.0
2022-03-02 05:00:00,03/02/2022,STPPF_SYSTEM_WIDE,0.0
2022-03-02 06:00:00,03/02/2022,STPPF_SYSTEM_WIDE,3.7
2022-03-02 07:00:00,03/02/2022,STPPF_SYSTEM_WIDE,676.8
2022-03-02 08:00:00,03/02/2022,STPPF_SYSTEM_WIDE,3816.9
2022-03-02 09:00:00,03/02/2022,STPPF_SYSTEM_WIDE,6421.1
2022-03-02 10:00:00,03/02/2022,STPPF_SYSTEM_WIDE,6997.9
2022-03-02 11:00:00,03/02/2022,STPPF_SYSTEM_WIDE,7176.7
2022-03-02 12:00:00,03/02/2022,STPPF_SYSTEM_WIDE,7567.7
2022-03-02 13:00:00,03/02/2022,STPPF_SYSTEM_WIDE,7646.6
2022-03-02 14:00:00,03/02/2022,STPPF_SYSTEM_WIDE,7550.5
2022-03-02 15:00:00,03/02/2022,STPPF_SYSTEM_WIDE,7168.5
2022-03-02 16:00:00,03/02/2022,STPPF_SYSTEM_WIDE,6316.4
2022-03-02 17:00:00,03/02/2022,STPPF_SYSTEM_WIDE,3260.2
2022-03-02 18:00:00,03/02/2022,STPPF_SYSTEM_WIDE,364.0
2022-03-02 19:00:00,03/02/2022,STPPF_SYSTEM_WIDE,0.0
2022-03-02 20:00:00,03/02/2022,STPPF_SYSTEM_WIDE,0.0
2022-03-02 21:00:00,03/02/2022,STPPF_SYSTEM_WIDE,0.0
2022-03-02 22:00:00,03/02/2022,STPPF_SYSTEM_WIDE,0.0
2022-03-02 23:00:00,03/02/2022,STPPF_SYSTEM_WIDE,0.0
2022-03-03 00:00:00,03/03/2022,STPPF_SYSTEM_WIDE,0.0
2022-03-03 01:00:00,03/03/2022,STPPF_SYSTEM_WIDE,0.0
2022-03-03 02:00:00,03/03/2022,STPPF_SYSTEM_WIDE,0.0
2022-03-03 03:00:00,03/03/2022,STPPF_SYSTEM_WIDE,0.0
2022-03-03 04:00:00,03/03/2022,STPPF_SYSTEM_WIDE,0.0
2022-03-03 05:00:00,03/03/2022,STPPF_SYSTEM_WIDE,0.0
2022-03-03 06:00:00,03/03/2022,STPPF_SYSTEM_WIDE,3.4
2022-03-03 07:00:00,03/03/2022,STPPF_SYSTEM_WIDE,544.3
2022-03-03 08:00:00,03/03/2022,STPPF_SYSTEM_WIDE,3019.1
2022-03-03 09:00:00,03/03/2022,STPPF_SYSTEM_WIDE,4986.0
2022-03-03 10:00:00,03/03/2022,STPPF_SYSTEM_WIDE,5423.5
2022-03-03 11:00:00,03/03/2022,STPPF_SYSTEM_WIDE,5627.6
2022-03-03 12:00:00,03/03/2022,STPPF_SYSTEM_WIDE,5684.3
2022-03-03 13:00:00,03/03/2022,STPPF_SYSTEM_WIDE,5671.9
2022-03-03 14:00:00,03/03/2022,STPPF_SYSTEM_WIDE,5629.2
2022-03-03 15:00:00,03/03/2022,STPPF_SYSTEM_WIDE,5241.3
2022-03-03 16:00:00,03/03/2022,STPPF_SYSTEM_WIDE,4638.0
2022-03-03 17:00:00,03/03/2022,STPPF_SYSTEM_WIDE,2434.4
2022-03-03 18:00:00,03/03/2022,STPPF_SYSTEM_WIDE,284.6
2022-03-03 19:00:00,03/03/2022,STPPF_SYSTEM_WIDE,0.0
2022-02-22 20:00:00,02/22/2022,PVGRPP_SYSTEM_WIDE,0.0
2022-02-22 21:00:00,02/22/2022,PVGRPP_SYSTEM_WIDE,0.0
2022-02-22 22:00:00,02/22/2022,PVGRPP_SYSTEM_WIDE,0.0
2022-02-22 23:00:00,02/22/2022,PVGRPP_SYSTEM_WIDE,0.0
2022-02-23 00:00:00,02/23/2022,PVGRPP_SYSTEM_WIDE,0.0
2022-02-23 01:00:00,02/23/2022,PVGRPP_SYSTEM_WIDE,0.0
2022-02-23 02:00:00,02/23/2022,PVGRPP_SYSTEM_WIDE,0.0
2022-02-23 03:00:00,02/23/2022,PVGRPP_SYSTEM_WIDE,0.0
2022-02-23 04:00:00,02/23/2022,PVGRPP_SYSTEM_WIDE,0.0
2022-02-23 05:00:00,02/23/2022,PVGRPP_SYSTEM_WIDE,0.0
2022-02-23 06:00:00,02/23/2022,PVGRPP_SYSTEM_WIDE,0.0
2022-02-23 07:00:00,02/23/2022,PVGRPP_SYSTEM_WIDE,53.8
2022-02-23 08:00:00,02/23/2022,PVGRPP_SYSTEM_WIDE,286.8
2022-02-23 09:00:00,02/23/2022,PVGRPP_SYSTEM_WIDE,649.2
2022-02-23 10:00:00,02/23/2022,PVGRPP_SYSTEM_WIDE,1023.7
2022-02-23 11:00:00,02/23/2022,PVGRPP_SYSTEM_WIDE,1857.8
2022-02-23 12:00:00,02/23/2022,PVGRPP_SYSTEM_WIDE,2922.9
2022-02-23 13:00:00,02/23/2022,PVGRPP_SYSTEM_WIDE,3145.8
2022-02-23 14:00:00,02/23/2022,PVGRPP_SYSTEM_WIDE,3253.7
2022-02-23 15:00:00,02/23/2022,PVGRPP_SYSTEM_WIDE,2973.7
2022-02-23 16:00:00,02/23/2022,PVGRPP_SYSTEM_WIDE,2339.3
2022-02-23 17:00:00,02/23/2022,PVGRPP_SYSTEM_WIDE,1175.0
2022-02-23 18:00:00,02/23/2022,PVGRPP_SYSTEM_WIDE,199.2
2022-02-23 19:00:00,02/23/2022,PVGRPP_SYSTEM_WIDE,0.0
2022-02-23 20:00:00,02/23/2022,PVGRPP_SYSTEM_WIDE,0.0
2022-02-23 21:00:00,02/23/2022,PVGRPP_SYSTEM_WIDE,0.0
2022-02-23 22:00:00,02/23/2022,PVGRPP_SYSTEM_WIDE,0.0
2022-02-23 23:00:00,02/23/2022,PVGRPP_SYSTEM_WIDE,0.0
2022-02-24 00:00:00,02/24/2022,PVGRPP_SYSTEM_WIDE,0.0
2022-02-24 01:00:00,02/24/2022,PVGRPP_SYSTEM_WIDE,0.0
2022-02-24 02:00:00,02/24/2022,PVGRPP_SYSTEM_WIDE,0.0
2022-02-24 03:00:00,02/24/2022,PVGRPP_SYSTEM_WIDE,0.0
2022-02-24 04:00:00,02/24/2022,PVGRPP_SYSTEM_WIDE,0.0
2022-02-24 05:00:00,02/24/2022,PVGRPP_SYSTEM_WIDE,0.0
2022-02-24 06:00:00,02/24/2022,PVGRPP_SYSTEM_WIDE,0.0
2022-02-24 07:00:00,02/24/2022,PVGRPP_SYSTEM_WIDE,94.6
2022-02-24 08:00:00,02/24/2022,PVGRPP_SYSTEM_WIDE,410.5
2022-02-24 09:00:00,02/24/2022,PVGRPP_SYSTEM_WIDE,892.9
2022-02-24 10:00:00,02/24/2022,PVGRPP_SYSTEM_WIDE,1180.7
2022-02-24 11:00:00,02/24/2022,PVGRPP_SYSTEM_WIDE,2036.1
2022-02-24 12:00:00,02/24/2022,PVGRPP_SYSTEM_WIDE,3251.4
2022-02-24 13:00:00,02/24/2022,PVGRPP_SYSTEM_WIDE,4135.7
2022-02-24 14:00:00,02/24/2022,PVGRPP_SYSTEM_WIDE,4252.5
2022-02-24 15:00:00,02/24/2022,PVGRPP_SYSTEM_WIDE,4270.2
2022-02-24 16:00:00,02/24/2022,PVGRPP_SYSTEM_WIDE,4011.1
2022-02-24 17:00:00,02/24/2022,PVGRPP_SYSTEM_WIDE,2175.5
2022-02-24 18:00:00,02/24/2022,PVGRPP_SYSTEM_WIDE,238.1
2022-02-24 19:00:00,02/24/2022,PVGRPP_SYSTEM_WIDE,0.0
2022-02-24 20:00:00,02/24/2022,PVGRPP_SYSTEM_WIDE,0.0
2022-02-24 21:00:00,02/24/2022,PVGRPP_SYSTEM_WIDE,0.0
2022-02-24 22:00:00,02/24/2022,PVGRPP_SYSTEM_WIDE,0.0
2022-02-24 23:00:00,02/24/2022,PVGRPP_SYSTEM_WIDE,0.0
2022-02-25 00:00:00,02/25/2022,PVGRPP_SYSTEM_WIDE,0.0
2022-02-25 01:00:00,02/25/2022,PVGRPP_SYSTEM_WIDE,0.0
2022-02-25 02:00:00,02/25/2022,PVGRPP_SYSTEM_WIDE,0.0
2022-02-25 03:00:00,02/25/2022,PVGRPP_SYSTEM_WIDE,0.0
2022-02-25 04:00:00,02/25/2022,PVGRPP_SYSTEM_WIDE,0.0
2022-02-25 05:00:00,02/25/2022,PVGRPP_SYSTEM_WIDE,0.0
2022-02-25 06:00:00,02/25/2022,PVGRPP_SYSTEM_WIDE,0.0
2022-02-25 07:00:00,02/25/2022,PVGRPP_SYSTEM_WIDE,234.0
2022-02-25 08:00:00,02/25/2022,PVGRPP_SYSTEM_WIDE,1795.8
2022-02-25 09:00:00,02/25/2022,PVGRPP_SYSTEM_WIDE,3444.4
2022-02-25 10:00:00,02/25/2022,PVGRPP_SYSTEM_WIDE,4291.1
2022-02-25 11:00:00,02/25/2022,PVGRPP_SYSTEM_WIDE,4742.5
2022-02-25 12:00:00,02/25/2022,PVGRPP_SYSTEM_WIDE,4439.6
2022-02-25 13:00:00,02/25/2022,PVGRPP_SYSTEM_WIDE,4602.2
2022-02-25 14:00:00,02/25/2022,PVGRPP_SYSTEM_WIDE,4244.0
2022-02-25 15:00:00,02/25/2022,PVGRPP_SYSTEM_WIDE,3211.4
2022-02-25 16:00:00,02/25/2022,PVGRPP_SYSTEM_WIDE,2491.9
2022-02-25 17:00:00,02/25/2022,PVGRPP_SYSTEM_WIDE,1245.3
2022-02-25 18:00:00,02/25/2022,PVGRPP_SYSTEM_WIDE,132.8
2022-02-25 19:00:00,02/25/2022,PVGRPP_SYSTEM_WIDE,0.0
2022-02-25 20:00:00,02/25/2022,PVGRPP_SYSTEM_WIDE,0.0
2022-02-25 21:00:00,02/25/2022,PVGRPP_SYSTEM_WIDE,0.0
2022-02-25 22:00:00,02/25/2022,PVGRPP_SYSTEM_WIDE,0.0
2022-02-25 23:00:00,02/25/2022,PVGRPP_SYSTEM_WIDE,0.0
2022-02-26 00:00:00,02/26/2022,PVGRPP_SYSTEM_WIDE,0.0
2022-02-26 01:00:00,02/26/2022,PVGRPP_SYSTEM_WIDE,0.0
2022-02-26 02:00:00,02/26/2022,PVGRPP_SYSTEM_WIDE,0.0
2022-02-26 03:00:00,02/26/2022,PVGRPP_SYSTEM_WIDE,0.0
2022-02-26 04:00:00,02/26/2022,PVGRPP_SYSTEM_WIDE,0.0
2022-02-26 05:00:00,02/26/2022,PVGRPP_SYSTEM_WIDE,0.0
2022-02-26 06:00:00,02/26/2022,PVGRPP_SYSTEM_WIDE,0.0
2022-02-26 07:00:00,02/26/2022,PVGRPP_SYSTEM_WIDE,52.5
2022-02-26 08:00:00,02/26/2022,PVGRPP_SYSTEM_WIDE,481.6
2022-02-26 09:00:00,02/26/2022,PVGRPP_SYSTEM_WIDE,1243.6
2022-02-26 10:00:00,02/26/2022,PVGRPP_SYSTEM_WIDE,1711.2
2022-02-26 11:00:00,02/26/2022,PVGRPP_SYSTEM_WIDE,2186.2
2022-02-26 12:00:00,02/26/2022,PVGRPP_SYSTEM_WIDE,3069.9
2022-02-26 13:00:00,02/26/2022,PVGRPP_SYSTEM_WIDE,3041.4
2022-02-26 14:00:00,02/26/2022,PVGRPP_SYSTEM_WIDE,2876.6
2022-02-26 15:00:00,02/26/2022,PVGRPP_SYSTEM_WIDE,2805.5
2022-02-26 16:00:00,02/26/2022,PVGRPP_SYSTEM_WIDE,2375.0
2022-02-26 17:00:00,02/26/2022,PVGRPP_SYSTEM_WIDE,1464.1
2022-02-26 18:00:00,02/26/2022,PVGRPP_SYSTEM_WIDE,172.0
2022-02-26 19:00:00,02/26/2022,PVGRPP_SYSTEM_WIDE,0.0
2022-02-26 20:00:00,02/26/2022,PVGRPP_SYSTEM_WIDE,0.0
2022-02-26 21:00:00,02/26/2022,PVGRPP_SYSTEM_WIDE,0.0
2022-02-26 22:00:00,02/26/2022,PVGRPP_SYSTEM_WIDE,0.0
2022-02-26 23:00:00,02/26/2022,PVGRPP_SYSTEM_WIDE,0.0
2022-02-27 00:00:00,02/27/2022,PVGRPP_SYSTEM_WIDE,0.0
2022-02-27 01:00:00,02/27/2022,PVGRPP_SYSTEM_WIDE,0.0
2022-02-27 02:00:00,02/27/2022,PVGRPP_SYSTEM_WIDE,0.0
2022-02-27 03:00:00,02/27/2022,PVGRPP_SYSTEM_WIDE,0.0
2022-02-27 04:00:00,02/27/2022,PVGRPP_SYSTEM_WIDE,0.0
2022-02-27 05:00:00,02/27/2022,PVGRPP_SYSTEM_WIDE,0.0
2022-02-27 06:00:00,02/27/2022,PVGRPP_SYSTEM_WIDE,0.6
2022-02-27 07:00:00,02/27/2022,PVGRPP_SYSTEM_WIDE,356.7
2022-02-27 08:00:00,02/27/2022,PVGRPP_SYSTEM_WIDE,2404.8
2022-02-27 09:00:00,02/27/2022,PVGRPP_SYSTEM_WIDE,6432.1
2022-02-27 10:00:00,02/27/2022,PVGRPP_SYSTEM_WIDE,6838.1
2022-02-27 11:00:00,02/27/2022,PVGRPP_SYSTEM_WIDE,6995.0
2022-02-27 12:00:00,02/27/2022,PVGRPP_SYSTEM_WIDE,7306.3
2022-02-27 13:00:00,02/27/2022,PVGRPP_SYSTEM_WIDE,7279.1
2022-02-27 14:00:00,02/27/2022,PVGRPP_SYSTEM_WIDE,7316.0
2022-02-27 15:00:00,02/27/2022,PVGRPP_SYSTEM_WIDE,7387.2
2022-02-27 16:00:00,02/27/2022,PVGRPP_SYSTEM_WIDE,6964.8
2022-02-27 17:00:00,02/27/2022,PVGRPP_SYSTEM_WIDE,3686.0
2022-02-27 18:00:00,02/27/2022,PVGRPP_SYSTEM_WIDE,263.6
2022-02-27 19:00:00,02/27/2022,PVGRPP_SYSTEM_WIDE,0.0
2022-02-27 20:00:00,02/27/2022,PVGRPP_SYSTEM_WIDE,0.0
2022-02-27 21:00:00,02/27/2022,PVGRPP_SYSTEM_WIDE,0.0
2022-02-27 22:00:00,02/27/2022,PVGRPP_SYSTEM_WIDE,0.0
2022-02-27 23:00:00,02/27/2022,PVGRPP_SYSTEM_WIDE,0.0
2022-02-28 00:00:00,02/28/2022,PVGRPP_SYSTEM_WIDE,0.0
2022-02-28 01:00:00,02/28/2022,PVGRPP_SYSTEM_WIDE,0.0
2022-02-28 02:00:00,02/28/2022,PVGRPP_SYSTEM_WIDE,0.0
2022-02-28 03:00:00,02/28/2022,PVGRPP_SYSTEM_WIDE,0.0
2022-02-28 04:00:00,02/28/2022,PVGRPP_SYSTEM_WIDE,0.0
2022-02-28 05:00:00,02/28/2022,PVGRPP_SYSTEM_WIDE,0.0
2022-02-28 06:00:00,02/28/2022,PVGRPP_SYSTEM_WIDE,2.0
2022-02-28 07:00:00,02/28/2022,PVGRPP_SYSTEM_WIDE,515.0
2022-02-28 08:00:00,02/28/2022,PVGRPP_SYSTEM_WIDE,2956.8
2022-02-28 09:00:00,02/28/2022,PVGRPP_SYSTEM_WIDE,5534.0
2022-02-28 10:00:00,02/28/2022,PVGRPP_SYSTEM_WIDE,6049.7
2022-02-28 11:00:00,02/28/2022,PVGRPP_SYSTEM_WIDE,6597.5
2022-02-28 12:00:00,02/28/2022,PVGRPP_SYSTEM_WIDE,6228.8
2022-02-28 13:00:00,02/28/2022,PVGRPP_SYSTEM_WIDE,6236.8
2022-02-28 14:00:00,02/28/2022,PVGRPP_SYSTEM_WIDE,5963.4
2022-02-28 15:00:00,02/28/2022,PVGRPP_SYSTEM_WIDE,4555.1
2022-02-28 16:00:00,02/28/2022,PVGRPP_SYSTEM_WIDE,3526.8
2022-02-28 17:00:00,02/28/2022,PVGRPP_SYSTEM_WIDE,1639.7
2022-02-28 18:00:00,02/28/2022,PVGRPP_SYSTEM_WIDE,143.2
2022-02-28 19:00:00,02/28/2022,PVGRPP_SYSTEM_WIDE,0.0
2022-02-28 20:00:00,02/28/2022,PVGRPP_SYSTEM_WIDE,0.0
2022-02-28 21:00:00,02/28/2022,PVGRPP_SYSTEM_WIDE,0.0
2022-02-28 22:00:00,02/28/2022,PVGRPP_SYSTEM_WIDE,0.0
2022-02-28 23:00:00,02/28/2022,PVGRPP_SYSTEM_WIDE,0.0
2022-03-01 00:00:00,03/01/2022,PVGRPP_SYSTEM_WIDE,0.0
2022-03-01 01:00:00,03/01/2022,PVGRPP_SYSTEM_WIDE,0.0
2022-03-01 02:00:00,03/01/2022,PVGRPP_SYSTEM_WIDE,0.0
2022-03-01 03:00:00,03/01/2022,PVGRPP_SYSTEM_WIDE,0.0
2022-03-01 04:00:00,03/01/2022,PVGRPP_SYSTEM_WIDE,0.0
2022-03-01 05:00:00,03/01/2022,PVGRPP_SYSTEM_WIDE,0.0
2022-03-01 06:00:00,03/01/2022,PVGRPP_SYSTEM_WIDE,2.2
2022-03-01 07:00:00,03/01/2022,PVGRPP_SYSTEM_WIDE,361.4
2022-03-01 08:00:00,03/01/2022,PVGRPP_SYSTEM_WIDE,1995.5
2022-03-01 09:00:00,03/01/2022,PVGRPP_SYSTEM_WIDE,3704.6
2022-03-01 10:00:00,03/01/2022,PVGRPP_SYSTEM_WIDE,4506.0
2022-03-01 11:00:00,03/01/2022,PVGRPP_SYSTEM_WIDE,5159.2
2022-03-01 12:00:00,03/01/2022,PVGRPP_SYSTEM_WIDE,5778.7
2022-03-01 13:00:00,03/01/2022,PVGRPP_SYSTEM_WIDE,5756.0
2022-03-01 14:00:00,03/01/2022,PVGRPP_SYSTEM_WIDE,5426.0
2022-03-01 15:00:00,03/01/2022,PVGRPP_SYSTEM_WIDE,4703.1
2022-03-01 16:00:00,03/01/2022,PVGRPP_SYSTEM_WIDE,3872.4
2022-03-01 17:00:00,03/01/2022,PVGRPP_SYSTEM_WIDE,1887.8
2022-03-01 18:00:00,03/01/2022,PVGRPP_SYSTEM_WIDE,202.4
2022-03-01 19:00:00,03/01/2022,PVGRPP_SYSTEM_WIDE,0.0
2022-03-01 20:00:00,03/01/2022,PVGRPP_SYSTEM_WIDE,0.0
2022-03-01 21:00:00,03/01/2022,PVGRPP_SYSTEM_WIDE,0.0
2022-03-01 22:00:00,03/01/2022,PVGRPP_SYSTEM_WIDE,0.0
2022-03-01 23:00:00,03/01/2022,PVGRPP_SYSTEM_WIDE,0.0
2022-03-02 00:00:00,03/02/2022,PVGRPP_SYSTEM_WIDE,0.0
2022-03-02 01:00:00,03/02/2022,PVGRPP_SYSTEM_WIDE,0.0
2022-03-02 02:00:00,03/02/2022,PVGRPP_SYSTEM_WIDE,0.0
2022-03-02 03:00:00,03/02/2022,PVGRPP_SYSTEM_WIDE,0.0
2022-03-02 04:00:00,03/02/2022,PVGRPP_SYSTEM_WIDE,0.0
2022-03-02 05:00:00,03/02/2022,PVGRPP_SYSTEM_WIDE,0.0
2022-03-02 06:00:00,03/02/2022,PVGRPP_SYSTEM_WIDE,2.8
2022-03-02 07:00:00,03/02/2022,PVGRPP_SYSTEM_WIDE,471.8
2022-03-02 08:00:00,03/02/2022,PVGRPP_SYSTEM_WIDE,2516.2
2022-03-02 09:00:00,03/02/2022,PVGRPP_SYSTEM_WIDE,3887.1
2022-03-02 10:00:00,03/02/2022,PVGRPP_SYSTEM_WIDE,4663.0
2022-03-02 11:00:00,03/02/2022,PVGRPP_SYSTEM_WIDE,5329.9
2022-03-02 12:00:00,03/02/2022,PVGRPP_SYSTEM_WIDE,5952.0
2022-03-02 13:00:00,03/02/2022,PVGRPP_SYSTEM_WIDE,6048.2
2022-03-02 14:00:00,03/02/2022,PVGRPP_SYSTEM_WIDE,5821.5
2022-03-02 15:00:00,03/02/2022,PVGRPP_SYSTEM_WIDE,5012.8
2022-03-02 16:00:00,03/02/2022,PVGRPP_SYSTEM_WIDE,4011.5
2022-03-02 17:00:00,03/02/2022,PVGRPP_SYSTEM_WIDE,2046.6
2022-03-02 18:00:00,03/02/2022,PVGRPP_SYSTEM_WIDE,224.6
2022-03-02 19:00:00,03/02/2022,PVGRPP_SYSTEM_WIDE,0.0
2022-03-02 20:00:00,03/02/2022,PVGRPP_SYSTEM_WIDE,0.0
2022-03-02 21:00:00,03/02/2022,PVGRPP_SYSTEM_WIDE,0.0
2022-03-02 22:00:00,03/02/2022,PVGRPP_SYSTEM_WIDE,0.0
2022-03-02 23:00:00,03/02/2022,PVGRPP_SYSTEM_WIDE,0.0
2022-03-03 00:00:00,03/03/2022,PVGRPP_SYSTEM_WIDE,0.0
2022-03-03 01:00:00,03/03/2022,PVGRPP_SYSTEM_WIDE,0.0
2022-03-03 02:00:00,03/03/2022,PVGRPP_SYSTEM_WIDE,0.0
2022-03-03 03:00:00,03/03/2022,PVGRPP_SYSTEM_WIDE,0.0
2022-03-03 04:00:00,03/03/2022,PVGRPP_SYSTEM_WIDE,0.0
2022-03-03 05:00:00,03/03/2022,PVGRPP_SYSTEM_WIDE,0.0
2022-03-03 06:00:00,03/03/2022,PVGRPP_SYSTEM_WIDE,2.5
2022-03-03 07:00:00,03/03/2022,PVGRPP_SYSTEM_WIDE,318.4
2022-03-03 08:00:00,03/03/2022,PVGRPP_SYSTEM_WIDE,1656.0
2022-03-03 09:00:00,03/03/2022,PVGRPP_SYSTEM_WIDE,2220.0
2022-03-03 10:00:00,03/03/2022,PVGRPP_SYSTEM_WIDE,2534.0
2022-03-03 11:00:00,03/03/2022,PVGRPP_SYSTEM_WIDE,2922.7
2022-03-03 12:00:00,03/03/2022,PVGRPP_SYSTEM_WIDE,2961.8
2022-03-03 13:00:00,03/03/2022,PVGRPP_SYSTEM_WIDE,2929.6
2022-03-03 14:00:00,03/03/2022,PVGRPP_SYSTEM_WIDE,2744.5
2022-03-03 15:00:00,03/03/2022,PVGRPP_SYSTEM_WIDE,2352.0
2022-03-03 16:00:00,03/03/2022,PVGRPP_SYSTEM_WIDE,1868.5
2022-03-03 17:00:00,03/03/2022,PVGRPP_SYSTEM_WIDE,1031.8
2022-03-03 18:00:00,03/03/2022,PVGRPP_SYSTEM_WIDE,128.7
2022-03-03 19:00:00,03/03/2022,PVGRPP_SYSTEM_WIDE,0.0
